enro_animal_id,redcap_data_access_group,enro_model,enro_species,mri_d2_conduct,p_mri_d2_ind,p_mri_d2_rsn___1,p_mri_d2_rsn___2,p_mri_d2_rsn___3,p_mri_d2_rsn___4,p_mri_d2_rsn___5,p_mri_d2_rsn___6,p_mri_d2_rsn___7,p_mri_d2_rsn___8,p_mri_d2_rsn___9,p_mri_d2_rsn_oth,p_mri_d2_adc_qa_snr,p_mri_d2_t2_qa_snr,p_mri_d2_mid_shift_indx,p_mri_d2_mid_shift_left,p_mri_d2_mid_shift_right,p_mri_d2_hem_left_tis,p_mri_d2_hem_right_tis,p_mri_d2_hem_left_csf,p_mri_d2_hem_right_csf,p_mri_d2_hem_right_les,p_mri_d2_hem_left_tot,p_mri_d2_hem_right_tot,p_mri_d2_vol_tis,p_mri_d2_vol_csf,p_mri_d2_vol_les,p_mri_d2_vol_tot,p_mri_d2_fract_csf,p_mri_d2_fract_csf_left,p_mri_d2_fract_csf_right,p_mri_d2_fract_tis,p_mri_d2_fract_tis_left,p_mri_d2_fract_tis_right,p_mri_d2_fract_les,p_mri_d2_fract_les_left,p_mri_d2_fract_les_right,p_mri_d2_comments,mri_d2_conduct_rsn,mri_d2_conduct_rsn_oth,mri_d2_upload_ida,mri_d2_upload_ida_rsn,mri_d2_anes_start_t,txas_reperfusion,txas_reperfusion_actual,enro_sex,rand_clot_length,srg_clot_length,p_mri_d2_hem_left_les
BB0325,yl,5,1,1,1,0,0,0,0,0,0,0,0,0,,8.858596503,12.33354809,0.0668309,6.88698,7.36315,680.8222656,692.0625,30.01757813,31.36914063,7.0078125,710.8398438,730.4394531,1372.884766,61.38671875,7.0078125,1441.28,0.04259181,0.042228328,0.042945573,0.9525457,0.957771672,0.94746046,0.004862214,0,0.009593968,,,,1,,11:35,1,1,0,4,4,0
BB0326,yl,5,1,1,1,0,0,0,0,0,0,0,0,0,,8.439935294,11.41879673,0.245094,6.30692,8.0686,651.2246094,672.5136719,44.7734375,38.015625,40.06054688,696.0078125,750.5898438,1323.738281,82.7890625,40.07421875,1446.601,0.05723006,0.064328929,0.050647668,0.9150678,0.93565704,0.895980245,0.02770233,1.40E-05,0.053372088,,,,1,,10:30,2,2,0,4,4,0.009765625
BB0327,yl,5,1,0,,0,0,0,0,0,0,0,0,0,,,,,,,,,,,,,,,,,,,,,,,,,,,,1,,,,,1,1,0,4,4,
BB0332,yl,5,1,0,,0,0,0,0,0,0,0,0,0,,,,,,,,,,,,,,,,,,,,,,,,,,,,1,,,,,1,1,1,4,4,
BB0333,yl,5,1,1,1,0,0,0,0,0,0,0,0,0,,8.880058057,11.46539158,0.0364017,7.0567,7.31834,660.6679688,667.4804688,48.6640625,53.72460938,2.96484375,709.3320313,724.1699219,1328.148438,102.3886719,2.96484375,1433.502,0.07142557,0.068605477,0.07418785,0.9265059,0.931394523,0.921718023,0.002068252,0,0.004094127,,,,1,,09:50,2,2,0,4,4,0
BM4063,mg,5,1,1,1,0,0,0,0,0,0,0,0,0,,3.162592852,5.460847795,0.192416,6.38315,7.74212,665.625,640.8457031,16.30664063,12.03710938,53.33203125,681.953125,706.2148438,1306.470703,28.34375,53.3984375,1388.213,0.02041744,0.023911674,0.017044543,0.9411171,0.976056822,0.907437317,0.0384656,3.15E-05,0.07551814,,,,1,,09:55,1,1,1,4,4,0.021484375
BM4064,mg,5,1,0,,0,0,0,0,0,0,0,0,0,,,,,,,,,,,,,,,,,,,,,,,,,,,,1,,,,,2,2,0,4,4,
BM4079,mg,5,1,1,1,0,0,0,0,0,0,0,0,0,,3.268020132,5.051219488," -0.0624111",7.08981,6.66072,651.3007813,649.4765625,30.24609375,18.02734375,11.79882813,681.9472656,679.3027344,1300.777344,48.2734375,12.234375,1361.284,0.0354617,0.044352541,0.026538011,0.9555515,0.955060331,0.956092961,0.008987383,0.000587128,0.017369028,,,,1,,10:09,1,1,0,4,4,0.400390625
BW4831,sd,5,1,0,,0,0,0,0,0,0,0,0,0,,,,,,,,,,,,,,,,,,,,,,,,,,,,1,,,,,2,2,0,4,,
BW4832,sd,5,1,1,1,0,0,0,0,0,0,0,0,0,,4.355206801,10.82605552,0.123534,6.68501,7.5652,682.7109375,695.8945313,25.296875,24.78710938,12.20507813,708.0136719,732.8867188,1378.605469,50.08398438,12.21289063,1440.902,0.03475877,0.035729359,0.033821201,0.9567653,0.964262365,0.949525368,0.008475864,8.28E-06,0.016653431,,,,1,,15:04,2,2,0,3,3,0.005859375
BW4847,sd,5,1,1,0,1,0,0,0,0,0,0,0,0,,,,,,,,,,,,,,,,,,,,,,,,,,,"missing ADC map",,,1,,08:31,2,2,0,3,3,
BW4848,sd,5,1,1,1,0,0,0,0,0,0,0,0,0,,4.245239799,10.98351419,0.115554,6.77238,7.60295,680.7441406,529.1347656,34.33984375,59.55273438,155.6425781,715.0839844,744.3300781,1209.878906,93.89257813,155.7050781,1459.477,0.06433303,0.048022113,0.080008502,0.8289812,0.951977887,0.710887254,0.1066855,0,0.209104244,,,,1,,12:51,2,2,0,3,3,0
BW4849,sd,5,1,1,1,0,0,0,0,0,0,0,0,0,,5.114291672,12.64631672,0.403913,5.73596,8.63909,613.9804688,277.3339844,72.51171875,92.41796875,400.0273438,686.5058594,769.7792969,891.3144531,164.9296875,400.1835938,1456.428,0.1132426,0.105624326,0.120057748,0.6119867,0.894355759,0.360277271,0.2747706,1.99E-05,0.519664981,,,,1,,07:03,2,2,1,4,3,0.013671875
BW5451,iw,5,1,1,1,0,0,0,0,0,0,0,0,0,,3.258753896,4.11172901,0.00555488,7.10525,7.14483,706.2207031,519.0800781,13.76953125,23.03320313,178.1757813,720.0546875,720.2890625,1225.300781,36.80273438,178.3085938,1440.413,0.02555012,0.019122896,0.031977722,0.8506595,0.980787592,0.720655227,0.1237899,8.95E-05,0.247367051,,,,1,,11:46,2,2,0,4,4,0.064453125
BW5452,iw,5,1,1,1,0,0,0,0,0,0,0,0,0,,3.032320724,3.714159741,0.0917144,6.85805,7.51726,676.9570313,663.9042969,21.85742188,22.80273438,32.12304688,698.8203125,718.8300781,1340.861328,44.66015625,32.1484375,1417.669,0.03150253,0.0312776,0.031722009,0.9458209,0.968714016,0.923590035,0.02267697,8.38E-06,0.044687956,,,,1,,09:50,2,2,1,4,4,0.005859375
BW5454,iw,5,1,0,,0,0,0,0,0,0,0,0,0,,,,,,,,,,,,,,,,,,,,,,,,,,,,1,,,,,1,1,0,4,4,
BW5455,iw,5,1,1,1,0,0,0,0,0,0,0,0,0,,3.109035058,3.822476444,0.285386,6.16192,8.21314,681.1289063,529.9609375,10.95703125,9.62109375,216.5585938,692.0859375,756.140625,1211.089844,20.578125,216.6386719,1448.307,0.0142084,0.015831894,0.012723948,0.8362108,0.984168106,0.70087616,0.1495806,0,0.286399893,,,,1,,10:48,1,1,1,4,4,0
BW5457,iw,5,1,1,1,0,0,0,0,0,0,0,0,0,,3.246448152,4.071614817,0.0878399,6.69269,7.30759,667.1132813,690.4550781,23.85546875,24.09960938,3.6015625,690.9707031,718.15625,1357.568359,47.95507813,3.60546875,1409.128,0.03403174,0.034524573,0.033557613,0.96341,0.9654726,0.961427375,0.002558653,2.83E-06,0.005015012,,,,1,,10:40,1,1,1,4,4,0.001953125
BW5459,iw,5,1,1,1,0,0,0,0,0,0,0,0,0,,3.277916376,4.028057955,0.111059,6.67034,7.45469,655.4882813,667.7402344,29.37695313,29.54492188,11.53515625,684.875,708.8203125,1323.228516,58.921875,11.54492188,1393.696,0.04227743,0.04289389,0.041681822,0.9494388,0.957091851,0.94204444,0.008283672,1.43E-05,0.016273738,,,,1,,11:57,2,2,0,3,3,0.009765625
BW5460,iw,5,1,0,,0,0,0,0,0,0,0,0,0,,,,,,,,,,,,,,,,,,,,,,,,,,,,1,,,,,2,2,0,3,,
BW5461,iw,5,1,1,1,0,0,0,0,0,0,0,0,0,,3.133975879,3.959421791,0.0708428,6.75229,7.24821,658.734375,663.6074219,14.359375,17.17773438,16.08398438,673.09375,696.8691406,1322.341797,31.53710938,16.08398438,1369.963,0.02302041,0.021333395,0.024649871,0.9652392,0.978666605,0.952269778,0.01174045,0,0.023080351,,,,1,,10:39,1,1,0,3,3,0
BW5692,sd,5,1,1,1,0,0,0,0,0,0,0,0,0,,2.369779987,1.418900473,,,,779.1640625,346.1386719,5.74609375,5.85546875,286.0019531,799.1699219,637.9960938,1125.302734,11.6015625,300.4179688,1437.323,0.008071644,0.007190078,0.009177907,0.7829159,0.974966701,0.542540425,0.2090122,0.017843221,0.448281668,"Lesion segmentation is accurate, but bad T2 quality removes CSF signal - bad CSF segmentation and midline estimate; T2 quality issue (UCSD brought to my attention previously); T2/ADC acquisition dimensions different from TOF/T2*; had to resample to match T2",,,1,,12:05,2,2,0,4,4,14.25976563
BW5693,sd,5,1,1,1,0,0,0,0,0,0,0,0,0,,3.804183074,4.008999519,0.161042,6.72372,7.90134,680.796875,602.265625,1.52734375,3.3515625,116.8046875,682.3300781,722.421875,1283.0625,4.87890625,116.8417969,1404.783,0.003473067,0.002238424,0.004639342,0.9133525,0.997752989,0.833675787,0.08317427,8.59E-06,0.161684871,,,,1,,09:15,1,1,1,4,4,0.005859375
BW5694,sd,5,1,0,,0,0,0,0,0,0,0,0,0,,,,,,,,,,,,,,,,,,,,,,,,,,,,1,,,,,2,2,0,4,4,
BW5704,sd,5,1,1,1,0,0,0,0,0,0,0,0,0,,3.77094282,11.12650036," -0.0423743",7.33987,7.0353,696.5664063,688.4511719,26.6171875,23.08203125,3.974609375,723.2695313,715.5078125,1385.017578,49.69921875,4.060546875,1438.778,0.03454266,0.036801201,0.03225965,0.962635,0.963079981,0.962185402,0.002822219,0.000118818,0.005554949,,,,1,,09:30,1,1,0,4,4,0.0859375
BW5706,sd,5,1,0,,0,0,0,0,0,0,0,0,0,,,,,,,,,,,,,,,,,,,,,,,,,,,,1,,,,,1,1,1,4,,
CC9890,dk,5,1,0,,0,0,0,0,0,0,0,0,0,,,,,,,,,,,,,,,,,,,,,,,,,,,,1,,,,,2,2,0,4,4,
CC9891,dk,5,1,1,1,0,0,0,0,0,0,0,0,0,,4.102435592,5.505640387," -0.00244008",7.19639,7.17885,700.1074219,665.7792969,33.375,30.39257813,37.703125,733.5722656,733.875,1365.886719,63.76757813,37.80859375,1467.464,0.04345427,0.04549654,0.041413835,0.9307806,0.954380986,0.907210761,0.02576458,0.000122474,0.051375405,,,,1,,10:40,2,2,1,4,4,0.08984375
CC9892,dk,5,1,1,1,0,0,0,0,0,0,0,0,0,,5.225513333,6.504662344,0.372172,5.85013,8.52517,625.0253906,304.8769531,67.28710938,90.77539063,371.9199219,692.3183594,767.5722656,929.9023438,158.0625,372.1621094,1460.127,0.1082526,0.097190994,0.118262989,0.636864,0.902800543,0.397196416,0.2548834,8.46E-06,0.484540594,,,,1,,12:20,2,2,0,4,4,0.005859375
CC9893,dk,5,1,1,1,0,0,0,0,0,0,0,0,0,,4.826589348,5.98193611,0.109453,6.79424,7.58095,699.3945313,550.1210938,22.3359375,28.6484375,167.9335938,721.7304688,746.703125,1249.515625,50.984375,168.0273438,1468.527,0.03471804,0.030947755,0.03836657,0.8508635,0.969052245,0.736733349,0.1144189,0,0.224900082,,,,1,,12:00,1,1,1,4,4,0
CC9894,dk,5,1,0,,0,0,0,0,0,0,0,0,0,,,,,,,,,,,,,,,,,,,,,,,,,,,,1,,,,,1,1,0,4,4,
CC9895,dk,5,1,1,1,0,0,0,0,0,0,0,0,0,,4.522101849,6.137546051,0.389782,5.78687,8.5885,594.6914063,316.4492188,100.4667969,63.51757813,390.4804688,695.171875,770.4472656,911.140625,163.984375,390.7382813,1465.863,0.1118688,0.144520802,0.082442473,0.6215728,0.855459531,0.41073443,0.2665585,1.97E-05,0.506823096,,,,1,,11:45,1,1,1,4,4,0.013671875
CC9916,ag,5,1,1,1,0,0,0,0,0,0,0,0,0,,3.632779728,5.611619958,0.280266,6.18047,8.19494,625.2558594,275.5136719,81.76757813,100.4921875,387.5234375,707.0371094,763.5292969,900.7695313,182.2597656,387.7753906,1470.804,0.1239185,0.115648213,0.131615366,0.6124334,0.88433245,0.360842306,0.2636486,1.93E-05,0.507542329,,,,1,,09:00,1,1,1,4,4,0.013671875
CC9917,ag,5,1,1,1,0,0,0,0,0,0,0,0,0,,3.112745195,5.206003082," -0.044401",7.34726,7.02812,715.3027344,611.0136719,18.98828125,20.79101563,98.2578125,735.9003906,730.0625,1326.316406,39.77929688,99.93945313,1466.034,0.02713395,0.025802787,0.028478405,0.9046966,0.972010266,0.836933375,0.06816994,0.002186947,0.13458822,,,,1,,13:10,2,2,1,4,4,1.609375
CC9918,ag,5,1,1,1,0,0,0,0,0,0,0,0,0,,3.760135537,6.044929235,0.421157,5.67401,8.7011,568.3320313,267.8378906,124.390625,125.4140625,383.0703125,692.7363281,776.3222656,836.1699219,249.8046875,383.3105469,1469.286,0.1700178,0.179564172,0.16154897,0.5690995,0.820416092,0.345008642,0.2608822,1.97E-05,0.493442388,,,,1,,11:30,1,1,0,4,4,0.013671875
CC9919,ag,5,1,0,,0,0,0,0,0,0,0,0,0,,,,,,,,,,,,,,,,,,,,,,,,,,,,1,,,,,2,2,0,4,4,
CD0516,yl,5,1,1,1,0,0,0,0,0,0,0,0,0,,8.545109455,10.50802984,0.10728,6.68368,7.44134,652.9765625,676.234375,46.57226563,48.82617188,5.837890625,699.5488281,730.8984375,1329.210938,95.3984375,5.837890625,1430.447,0.06669135,0.066574718,0.06680295,0.9292277,0.933425282,0.92520977,0.004081166,0,0.00798728,,,,1,,11:30,1,1,0,3,3,0
CD0517,yl,5,1,1,1,0,0,0,0,0,0,0,0,0,,6.79311652,8.208364844,0.0140628,7.13696,7.23804,684.5839844,685.8417969,36.37109375,35.43554688,3.58203125,721.0351563,724.859375,1370.425781,71.80664063,3.662109375,1445.895,0.04966242,0.050442885,0.048886099,0.9478046,0.949446055,0.94617221,0.002532763,0.00011106,0.004941691,,,,1,,12:30,2,2,1,3,3,0.080078125
CD0523,yl,5,1,1,1,0,0,0,0,0,0,0,0,0,,8.907013123,11.85584256," -0.0048555",7.07966,7.04536,673.703125,635.7890625,32.92578125,28.89453125,42.24414063,706.7128906,706.9277344,1309.492188,61.8203125,42.33984375,1413.652,0.04373093,0.046590039,0.040873388,0.9263185,0.953291123,0.899369245,0.02995068,0.000118838,0.059757368,,,,1,,11:30,2,2,0,3,3,0.083984375
CD0698,dk,5,1,1,1,0,0,0,0,0,0,0,0,0,,5.68441029,5.903958576,0.241448,6.31991,8.05535,680.9394531,495.9316406,25.64257813,17.40820313,244.6308594,706.5878906,757.9707031,1176.871094,43.05078125,244.7460938,1464.668,0.02939286,0.036290713,0.022966855,0.803507,0.963700995,0.654288667,0.1671001,8.29E-06,0.322744479,,,,1,,02:25,1,1,0,3,3,0.005859375
CD0699,dk,5,1,1,1,0,0,0,0,0,0,0,0,0,,4.495621035,5.429741924,0.250376,6.28772,8.0873,682.3105469,509.5761719,26.08984375,31.57226563,219.1816406,708.4082031,760.3300781,1191.886719,57.66210938,219.25,1468.799,0.039258,0.036828828,0.04152442,0.8114705,0.963160144,0.670203885,0.1492716,1.10E-05,0.288271695,,,,1,,11:40,1,1,1,3,3,0.0078125
CD0700,dk,5,1,1,1,0,0,0,0,0,0,0,0,0,,4.999404521,5.798876112," -0.0725761",7.44833,6.92669,710.2832031,622.171875,24.90039063,26.5078125,78.00585938,736.2871094,726.6855469,1332.455078,51.40820313,79.17773438,1463.041,0.03513791,0.03381886,0.036477693,0.9107434,0.964682383,0.856177583,0.0541186,0.001498757,0.107344724,,,,1,,12:40,2,2,1,3,3,1.103515625
CD0701,dk,5,1,1,1,0,0,0,0,0,0,0,0,0,,4.589127052,5.91352866," -0.085061",7.49319,6.88182,707.546875,690.6738281,33.734375,31.3828125,6.646484375,741.9238281,728.703125,1398.220703,65.1171875,7.29296875,1470.631,0.0442784,0.045468785,0.043066664,0.9507626,0.953665118,0.947812359,0.004959075,0.000866097,0.009120977,,,,1,,11:25,2,2,0,3,3,0.642578125
CD0710,ag,5,1,1,1,0,0,0,0,0,0,0,0,0,,3.050654524,4.652517676,0.169681,6.57784,7.79745,691.6992188,713.3613281,23.68554688,23.27148438,14.59765625,715.3847656,751.2304688,1405.060547,46.95703125,14.6171875,1466.635,0.03201685,0.033108822,0.030977823,0.9580168,0.966891178,0.949590516,0.009966481,0,0.019431662,,,,1,,09:00,1,1,1,4,4,0
CD0711,ag,5,1,1,1,0,0,0,0,0,0,0,0,0,,3.487787821,5.633170921,0.22945,6.30762,7.94246,660.3789063,488.2832031,44.78125,37.19335938,232.1757813,705.1738281,757.6523438,1148.662109,81.97460938,232.2558594,1462.893,0.05603596,0.063503846,0.049090272,0.7851989,0.936476766,0.644468676,0.1587648,1.94E-05,0.306441052,,,,1,,10:30,1,1,1,3,3,0.013671875
CD0712,ag,5,1,0,,0,0,0,0,0,0,0,0,0,,,,,,,,,,,,,,,,,,,,,,,,,,,,1,,,,,2,2,1,3,3,
CD0713,ag,5,1,1,1,0,0,0,0,0,0,0,0,0,,3.107231002,5.249960042,0.0978536,6.53863,7.21137,620.1640625,617.1503906,37.02929688,42.28710938,12.16015625,657.1992188,671.5976563,1237.314453,79.31640625,12.16796875,1328.798,0.05969034,0.056344098,0.062964945,0.9311528,0.943646987,0.918928744,0.009157125,8.92E-06,0.018106311,,,,1,,10:30,2,2,0,3,3,0.005859375
CD0729,ag,5,1,1,1,0,0,0,0,0,0,0,0,0,,2.847886166,4.681443629,0.0163222,7.12905,7.24637,703.640625,655.9609375,11.43554688,11.078125,46.98828125,715.5703125,714.0273438,1359.601563,22.51367188,47.52539063,1429.641,0.01574778,0.015981025,0.015514987,0.9510094,0.98332842,0.918677615,0.03324288,0.000690555,0.065807398,,,,1,,09:00,2,2,1,3,3,0.494140625
GF5961,yl,5,1,1,0,0,0,0,0,0,0,0,0,0,,,,,,,,,,,,,,,,,,,,,,,,,,,"ventral hyperintensity dominates signal for brain extraction leading to incorrect brain segmentation; there seems to be some bounding around the brain in ADC images?",,,1,,11:30,2,2,1,4,4,
GF5962,yl,5,1,0,,0,0,0,0,0,0,0,0,0,,,,,,,,,,,,,,,,,,,,,,,,,,,,1,,,,,1,1,1,4,4,
GF5963,yl,5,1,1,0,0,0,0,0,1,0,0,0,1,"bad brain segmentation performance",,,,,,,,,,,,,,,,,,,,,,,,,,"brain extraction failure; large ventral region is hypointense compared to brain",,,1,,11:30,1,1,1,4,4,0.00390625
GF5964,yl,5,1,1,1,0,0,0,0,0,0,0,0,0,,8.805941444,11.43100352,0.0646317,6.95534,7.41989,681.5019531,691.4609375,34.29101563,37.16015625,2.1796875,715.7929688,730.8007813,1372.962891,71.45117188,2.1796875,1446.594,0.04939269,0.047906332,0.050848545,0.9491004,0.952093668,0.946168854,0.001506772,0,0.002982601,,,,1,,09:30,1,2,0,4,4,0
GF5974,yl,5,1,1,1,0,0,0,0,0,0,0,0,0,,8.468328887,11.49488279,0.0838694,6.88614,7.48896,682.0898438,697.3359375,33.5234375,33.9140625,6.17578125,715.6132813,737.4257813,1379.425781,67.4375,6.17578125,1453.04,0.04641132,0.046845745,0.045989798,0.9493379,0.953154255,0.945635419,0.004250248,0,0.008374783,,,,1,,09:40,2,2,0,4,4,0
GF5975,yl,5,1,1,1,0,0,0,0,0,0,0,0,0,,8.617548301,11.47480305,0.0853267,6.88087,7.49415,677.2792969,597.1835938,33.52148438,32.171875,105.734375,710.8007813,735.0898438,1274.462891,65.69335938,105.7421875,1445.898,0.0454343,0.047160168,0.043765909,0.8814335,0.952839832,0.812395381,0.07313254,0,0.14383871,,,,1,,09:50,1,1,0,4,4,0
GF5976,yl,5,1,0,,0,0,0,0,0,0,0,0,0,,,,,,,,,,,,,,,,,,,,,,,,,,,,1,,,,,2,2,0,4,4,
GF6014,yl,5,1,1,1,0,0,0,0,0,0,0,0,0,,7.618203283,9.440739208,0.0612544,6.78581,7.2146,684.6992188,626.7324219,28.61328125,34.60546875,73.8125,713.3125,735.1503906,1311.431641,63.21875,73.82617188,1448.477,0.04364498,0.040113248,0.047072639,0.9053868,0.959886752,0.852522735,0.05096813,0,0.100404626,,,,1,,11:00,1,1,1,3,3,0
GF6015,yl,5,1,0,,0,0,0,0,0,0,0,0,0,,,,,,,,,,,,,,,,,,,,,,,,,,,,1,,,,,1,1,0,3,3,
GT2260,mg,5,1,1,1,0,0,0,0,0,0,0,0,0,,3.075598303,4.914339407,0.00105266,6.68405,6.69109,594.4511719,569.03125,30.41015625,25.76757813,28.8671875,625.3925781,623.6660156,1163.482422,56.17773438,29.51367188,1249.174,0.0449719,0.048625707,0.041316309,0.9314011,0.950524827,0.912397398,0.02362655,0.000849466,0.046286292,,,,1,,09:15,2,2,0,4,4,0.53125
GT2266,mg,5,1,0,,0,0,0,0,0,0,0,0,0,,,,,,,,,,,,,,,,,,,,,,,,,,,,1,,,,,1,1,0,4,4,
GT2279,mg,5,1,1,0,0,1,0,0,1,0,0,0,0,,,,,,,,,,,,,,,,,,,,,,,,,,,,,,1,,10:02,2,2,1,4,4,
HC7837,sd,5,1,1,0,1,0,0,0,0,0,0,0,0,,,,,,,,,,,,,,,,,,,,,,,,,,,,,,1,,12:01,2,2,1,3,3,
HC7838,sd,5,1,1,1,0,0,0,0,0,0,0,0,0,,3.022745356,9.58178276,0.3401,6.01718,8.48293,664.4394531,678.59375,23.74609375,23.75,54.75585938,688.1933594,757.0996094,1343.033203,47.49609375,54.80078125,1445.33,0.03286176,0.034504974,0.031369716,0.9292224,0.965483674,0.896307093,0.03791576,1.14E-05,0.072323191,,,,1,,12:18,1,1,1,3,3,0.0078125
HC7842,sd,5,1,0,,0,0,0,0,0,0,0,0,0,,,,,,,,,,,,,,,,,,,,,,,,,,,,1,,,,,1,1,0,4,4,
HC7843,sd,5,1,0,,0,0,0,0,0,0,0,0,0,,,,,,,,,,,,,,,,,,,,,,,,,,,,1,,,,,1,1,1,3,3,
HC7875,sd,5,1,0,,0,0,0,0,0,0,0,0,0,,,,,,,,,,,,,,,,,,,,,,,,,,,,1,,,,,1,1,1,4,4,
HC7876,sd,5,1,1,1,0,0,0,0,0,0,0,0,0,,4.62123144,11.13778252,0.207768,6.44096,7.93433,680.0820313,722.3398438,29.18945313,32.140625,1.845703125,709.2734375,756.3261719,1402.421875,61.33007813,1.84765625,1465.6,0.0418464,0.04115402,0.04249572,0.9568927,0.958843226,0.955063927,0.001260682,2.75E-06,0.002440353,,,,1,,12:07,1,1,0,4,4,0.001953125
HC7882,sd,5,1,0,,0,0,0,0,0,0,0,0,0,,,,,,,,,,,,,,,,,,,,,,,,,,,,1,,,,,2,2,0,4,4,
HC7883,sd,5,1,0,,0,0,0,0,0,0,0,0,0,,,,,,,,,,,,,,,,,,,,,,,,,,,,1,,,,,1,1,0,4,4,
HC7884,sd,5,1,1,1,0,0,0,0,0,0,0,0,0,,3.936320575,11.81814434,0.0406711,7.04134,7.33367,655.7363281,659.6347656,39.17773438,45.38476563,2.71875,694.9160156,707.7382813,1315.371094,84.5625,2.720703125,1402.655,0.06028745,0.056377654,0.064126481,0.9377723,0.943619536,0.932032056,0.001939681,2.81E-06,0.003841462,,,,1,,10:03,2,2,0,4,4,0.001953125
HC8331,iw,5,1,1,1,0,0,0,0,0,0,0,0,0,,2.858304914,3.628163103,0.0169313,7.00276,7.12234,643.9355469,603.6035156,20.17578125,19.5859375,44.25390625,665.0449219,667.4433594,1247.539063,39.76171875,45.23242188,1332.533,0.0298392,0.030337471,0.029344719,0.9362162,0.968258723,0.904351668,0.03394469,0.001403806,0.066303613,,,,1,,11:02,1,1,1,4,4,0.93359375
HC8333,iw,5,1,0,,0,0,0,0,0,0,0,0,0,,,,,,,,,,,,,,,,,,,,,,,,,,,,1,,,,,2,2,1,4,4,
HC8334,iw,5,1,0,,0,0,0,0,0,0,0,0,0,,,,,,,,,,,,,,,,,,,,,,,,,,,,1,,,,,2,2,1,4,4,
HC8335,iw,5,1,1,1,0,0,0,0,0,0,0,0,0,,3.438683947,4.342336212,0.302954,6.04593,8.20455,585.9238281,379.6074219,97.69921875,72.84960938,290.8027344,683.6367188,743.2597656,965.53125,170.5488281,290.9921875,1427.072,0.1195096,0.142911017,0.098013659,0.676582,0.857068984,0.510733178,0.2039086,2.00E-05,0.391253163,,,,1,,09:35,2,2,0,4,4,0.013671875
HC8336,iw,5,1,1,1,0,0,0,0,0,0,0,0,0,,2.97844507,3.703935084,0.0605872,6.96991,7.40539,685.0058594,689.0566406,16.22265625,15.06835938,0.759765625,701.2285156,704.8847656,1374.0625,31.29101563,0.759765625,1406.113,0.02225356,0.023134621,0.021377054,0.977206,0.976865379,0.977545089,5.40E-04,0,0.001077858,,,,1,,10:53,2,2,0,4,4,0
HC8337,iw,5,1,1,1,0,0,0,0,0,0,0,0,0,,3.259441793,4.326504292,0.220262,6.0623,7.56285,596.3359375,614.6855469,18.48242188,18.39648438,23.84179688,614.8183594,656.9238281,1211.021484,36.87890625,23.84179688,1271.742,0.02899874,0.030061597,0.028003984,0.9522537,0.969938403,0.935702924,0.01874736,0,0.036293092,,,,1,,11:55,2,2,0,4,4,0
HC8338,iw,5,1,1,1,0,0,0,0,0,0,0,0,0,,3.180589375,4.00674691,0.105797,6.7481,7.50191,651.3398438,654.4589844,22.67578125,17.9453125,31.18945313,674.015625,703.59375,1305.798828,40.62109375,31.18945313,1377.609,0.02948666,0.033642812,0.025505219,0.9478735,0.966357188,0.930166,0.02264028,0,0.044328781,,,,1,,08:34,1,1,1,3,3,0
HC8339,iw,5,1,1,1,0,0,0,0,0,0,0,0,0,,3.23127472,4.095198533,0.0716595,6.86975,7.38033,668.1269531,618.0898438,25.47460938,32.69140625,55.98046875,693.6113281,706.7617188,1286.216797,58.16601563,56.0546875,1400.438,0.04153416,0.036727499,0.046255202,0.9184391,0.963258422,0.874537807,0.04002654,1.41E-05,0.079206991,,,,1,,09:54,1,1,0,3,3,0.009765625
HC8340,iw,5,1,1,1,0,0,0,0,0,0,0,0,0,,3.164146016,4.089305046,0.207751,6.38497,7.86521,653.09375,690.96875,23.96875,29.12304688,1.859375,677.0722656,721.9511719,1344.0625,53.09179688,1.875,1399.029,0.03794903,0.035400579,0.040339358,0.9607106,0.964584998,0.957085156,0.001340215,1.44E-05,0.002575486,,,,1,,09:34,2,2,1,3,3,0.009765625
HC8341,iw,5,1,1,1,0,0,0,0,0,0,0,0,0,,3.209977833,4.081494654,0.3198,6.03834,8.33695,663.6523438,537.9140625,10.55859375,7.322265625,202.4277344,674.2109375,747.6640625,1201.566406,17.88085938,202.5488281,1421.996,0.01257448,0.015660668,0.009793524,0.8449855,0.984339332,0.719459567,0.1424398,0,0.27074691,,,,1,,11:41,2,2,1,3,3,0
HG1234,mg,5,1,1,1,0,0,0,0,0,0,0,0,0,,3.030290321,4.672621429,0.199235,6.07784,7.42273,623.3359375,638.0761719,10.12890625,19.015625,12.70703125,633.4667969,669.7988281,1261.412109,29.14453125,12.74804688,1303.305,0.02236202,0.01598964,0.028390054,0.9678563,0.984007276,0.952638531,0.009781325,3.08E-06,0.018971415,,,,1,,09:20,1,1,0,3,3,0.001953125
HG1239,mg,5,1,1,1,0,0,0,0,0,0,0,0,0,,3.127636644,4.56169301," -0.063747",7.02966,6.59538,657.2421875,653.6074219,13.86132813,11.52148438,3.21875,671.5371094,668.3476563,1310.849609,25.3828125,3.654296875,1339.887,0.01894399,0.020641195,0.017238759,0.9783288,0.978713132,0.977945259,0.002727317,0.000645674,0.004815982,,,,1,,09:47,2,2,0,3,3,0.43359375
HG1246,mg,5,1,1,1,0,0,0,0,0,0,0,0,0,,2.827674972,4.489561044,0.252938,6.00553,7.74448,566.3222656,377.1816406,67.78515625,38.72851563,267.3730469,634.1113281,683.2832031,943.5039063,106.5136719,267.5605469,1317.578,0.08084053,0.106897879,0.056680035,0.7160896,0.89309596,0.552013629,0.20307,6.16E-06,0.391306336,,,,1,,08:33,2,2,1,3,3,0.00390625
HG1254,yl,5,1,1,1,0,0,0,0,0,0,0,0,0,,8.454854947,10.64268856,0.0856886,6.75992,7.3651,665.2734375,675.6464844,42.29101563,45.57226563,5.09375,707.5683594,726.3125,1340.919922,87.86328125,5.09765625,1433.881,0.06127655,0.059769512,0.062744708,0.9351683,0.940224967,0.930242126,0.003555146,5.52E-06,0.007013166,,,,1,,12:30,1,1,0,3,3.2,0.00390625
HG1265,yl,5,1,1,1,0,0,0,0,0,0,0,0,0,,6.287381511,7.525424727,0.0620753,6.9646,7.41077,685.9667969,696.796875,41.69335938,36.0078125,9.00390625,727.6601563,741.8085938,1382.763672,77.70117188,9.00390625,1469.469,0.05287704,0.057297846,0.048540571,0.9409957,0.942702154,0.939321654,0.006127319,0,0.012137776,,,,1,,12:30,2,2,1,3,3,0
HG1268,yl,5,1,1,1,0,0,0,0,0,0,0,0,0,,8.845477499,11.18587143,0.141894,6.56148,7.56361,644.9746094,636.3203125,33.25585938,44.04882813,34.14648438,678.2304688,714.515625,1281.294922,77.3046875,34.14648438,1392.746,0.05550523,0.049033272,0.061648516,0.9199775,0.950966728,0.890561788,0.02451738,0,0.047789696,,,,1,,09:45,2,2,0,3,3,0
HG1330,dk,5,1,1,1,0,0,0,0,0,0,0,0,0,,4.972638228,5.624978235,0.128207,6.72685,7.64834,678.5195313,702.3222656,32.15234375,35.59179688,5.01171875,710.6738281,742.9257813,1380.841797,67.74414063,5.021484375,1453.607,0.04660416,0.045242054,0.047907608,0.9499418,0.954755198,0.945346471,0.003454499,2.75E-06,0.006745921,"decreased signal observed bilaterally",,,1,,11:55,1,1,0,3,3,0.001953125
HG1331,dk,5,1,1,1,0,0,0,0,0,0,0,0,0,,4.13568579,5.70571962,0.118197,6.7628,7.61235,681.5683594,701.2949219,39.70703125,40.86523438,5.07421875,721.2753906,747.234375,1382.863281,80.57226563,5.103515625,1468.539,0.0548656,0.055051138,0.054688644,0.941659,0.944948862,0.938520691,0.003475234,0,0.006790666,,,,1,,12:55,1,1,1,3,3,0
HG1334,dk,5,1,0,,0,0,0,0,0,0,0,0,0,,,,,,,,,,,,,,,,,,,,,,,,,,,,2,,,,,2,2,0,3,3,
HG1335,dk,5,1,0,,0,0,0,0,0,0,0,0,0,,,,,,,,,,,,,,,,,,,,,,,,,,,,2,,,,,1,1,1,3,3,
HG1340,dk,5,1,1,1,0,0,0,0,0,0,0,0,0,,4.326705967,5.399074533,0.0635654,6.95908,7.41596,687.8066406,691.0605469,28.53320313,30.70703125,9.19140625,716.3496094,730.9589844,1378.867188,59.24023438,9.23046875,1447.337,0.0409305,0.039831393,0.04200924,0.9526924,0.960154974,0.945416312,0.006377553,1.36E-05,0.012574449,,,,1,,01:50,2,2,1,3,3,0.009765625
HG1341,ag,5,1,0,,0,0,0,0,0,0,0,0,0,,,,,,,,,,,,,,,,,,,,,,,,,,,,1,,,,,1,1,1,4,4,
HG1342,dk,5,1,1,1,0,0,0,0,0,0,0,0,0,,4.41838398,5.66752197,0.316984,6.04856,8.32696,660.3535156,325.09375,42.89453125,61.17578125,380.6152344,703.2480469,766.8847656,985.4472656,104.0703125,380.8671875,1470.385,0.07077759,0.060994881,0.079771804,0.6701968,0.939005119,0.423914732,0.2590255,0,0.496313464,,,,1,,11:25,1,1,0,3,3,0
HG1354,ag,5,1,1,1,0,0,0,0,0,0,0,0,0,,2.850138204,4.706698043,0.161962,6.60547,7.76957,681.0351563,696.6367188,25.6953125,29.73828125,19.5625,706.7402344,745.9375,1377.671875,55.43359375,19.60546875,1452.711,0.03815872,0.036357506,0.039866988,0.9483455,0.963628676,0.933907625,0.01349578,1.38E-05,0.026225388,"HG1463 in IDA for MRI",,,1,,10:10,1,1,1,3,3,0.009765625
HG1360,ag,5,1,1,1,0,0,0,0,0,0,0,0,0,,3.746614618,5.899588533,0.374439,5.79115,8.45908,618.5273438,355.3457031,54.85742188,45.84179688,352.9042969,673.3847656,754.0917969,973.8730469,100.6992188,353.1640625,1427.736,0.07053069,0.081465196,0.060790738,0.68211,0.918534804,0.471223404,0.2473595,0,0.467985858,,,,1,,09:10,1,1,0,4,4,0
HG1361,ag,5,1,0,,0,0,0,0,0,0,0,0,0,,,,,,,,,,,,,,,,,,,,,,,,,,,,1,,,,,1,1,1,4,4,
HG1362,ag,5,1,0,,0,0,0,0,0,0,0,0,0,,,,,,,,,,,,,,,,,,,,,,,,,,,,1,,,,,1,1,0,4,4,
HG1365,ag,5,1,1,1,0,0,0,0,0,0,0,0,0,,2.992220947,5.046275493,0.183937,6.4699,7.78049,688.8398438,728.953125,16.578125,17.08398438,5.970703125,705.4199219,752.0078125,1417.792969,33.66210938,5.97265625,1457.428,0.02309693,0.023501073,0.022717828,0.9728048,0.976496158,0.969342489,0.00409808,2.77E-06,0.007939682,,,,1,,09:00,2,2,1,3,3,0.001953125
HG1366,ag,5,1,1,1,0,0,0,0,0,0,0,0,0,,3.304511062,5.210422136,0.149055,6.65196,7.72332,680.2128906,700.84375,30.40039063,30.69140625,9.0390625,710.6132813,740.5742188,1381.056641,61.09179688,9.083984375,1451.233,0.04209648,0.042780499,0.041442715,0.9516439,0.957219501,0.946351807,0.006259494,0,0.012205478,,,,1,,09:00,1,1,1,3,3,0
HG1367,ag,5,1,0,,0,0,0,0,0,0,0,0,0,,,,,,,,,,,,,,,,,,,,,,,,,,,,1,,,,,1,1,0,3,3,
HG1432,dk,5,1,1,0,0,0,0,0,0,0,0,0,0,,,,,,,,,,,,,,,,,,,,,,,,,,,"Poor brain extraction leads to incorrect brain registration/segmentation",,,1,,10:45,1,1,0,4,4,
HG1433,dk,5,1,1,1,0,0,0,0,0,0,0,0,0,,4.935129475,5.913524221," -0.0909292",7.51428,6.86073,691.4863281,611.328125,44.69726563,60.76367188,52.34765625,736.2207031,724.4394531,1302.814453,105.4609375,52.40820313,1460.683,0.07219972,0.060711775,0.083876812,0.8919211,0.93923782,0.843863655,0.03587924,5.04E-05,0.072259533,,,,1,,01:15,2,2,1,4,4,0.037109375
HG1434,dk,5,1,1,1,0,0,0,0,0,0,0,0,0,,4.510893098,5.953166587," -0.0561986",7.32528,6.92486,678.4375,618.8632813,35.00390625,42.796875,50.93359375,713.46875,712.59375,1297.300781,77.80078125,50.97460938,1426.077,0.05455581,0.049061583,0.060057887,0.9096991,0.950900092,0.868465772,0.03574464,3.83E-05,0.071476341,,,,1,,10:30,2,2,0,4,4,0.02734375
HG1435,dk,5,1,1,1,0,0,0,0,0,0,0,0,0,,4.785145114,5.911985721,,,,712.2363281,604.3496094,22.63085938,39.5234375,66.359375,737.6699219,710.2324219,1316.585938,62.15429688,69.18164063,1447.922,0.04292655,0.030678843,0.055648597,0.9092935,0.965521715,0.850918081,0.04777995,0.003799442,0.093433323,"unreliable midline shift estimates",,,1,,11:35,2,2,1,4,4,2.802734375
HG1453,ag,5,1,1,1,0,0,0,0,0,0,0,0,0,,3.605633402,5.703864013," -0.0224832",7.2683,7.10671,708.1660156,701.2128906,24.359375,23.44140625,8.224609375,733.109375,732.8789063,1409.378906,47.80078125,8.822265625,1466.002,0.03260622,0.033227477,0.031985374,0.9613759,0.965975937,0.956792295,0.006017909,0.000796586,0.011222331,,,,1,,10:10,2,2,1,4,4,0.583984375
LJ5661,yl,5,1,1,1,0,0,0,0,0,0,0,0,0,,8.860499824,11.56329687,0.0222471,7.10756,7.26746,697.2792969,606.7539063,27.7734375,34.98046875,98.33984375,725.0527344,740.0742188,1304.033203,62.75390625,98.359375,1465.146,0.04283116,0.038305403,0.047266163,0.8900362,0.961694597,0.819855483,0.06713282,0,0.132878354,,,,1,,10:30,1,1,1,4,4,0
LJ5662,yl,5,1,1,1,0,0,0,0,0,0,0,0,0,,8.645878757,11.82269617," -0.00373194",7.01309,6.98697,668.7128906,672.53125,44.71875,46.5,0.853515625,713.5878906,719.8847656,1341.244141,91.21875,1.009765625,1433.473,0.06363479,0.062667473,0.064593671,0.9356605,0.937113563,0.9342207,7.04E-04,0.000218964,0.001185628,,,,1,,11:00,1,1,0,4,4,0.15625
LJ5663,yl,5,1,1,1,0,0,0,0,0,0,0,0,0,,8.756314901,11.79450974,0.268405,6.22315,8.15238,662.0664063,526.3847656,31.12109375,27.36523438,200.0976563,693.1875,753.8476563,1188.451172,58.48632813,200.1757813,1447.113,0.04041587,0.044895636,0.036300749,0.8212565,0.955104364,0.698264114,0.1383277,0,0.265435137,,,,1,,09:30,1,1,0,4,4,0
LJ5668,yl,5,1,1,1,0,0,0,0,0,0,0,0,0,,9.510264194,12.82278975,0.112547,6.72408,7.52598,647.5234375,661.421875,54.59570313,59.97070313,2.9296875,702.1191406,724.3222656,1308.945313,114.5664063,2.9296875,1426.441,0.08031626,0.07775846,0.082795609,0.91763,0.92224154,0.913159662,0.002053844,0,0.004044729,,,,1,,09:40,1,1,0,3,3,0
LJ5670,yl,5,1,1,1,0,0,0,0,0,0,0,0,0,,11.56985656,13.84254342,0.37528,5.78807,8.46194,607.1777344,270.4921875,73.55273438,76.53515625,416.1015625,680.7441406,763.1289063,877.6699219,150.0878906,416.3183594,1444.076,0.1039335,0.108047547,0.100291256,0.6077727,0.89193237,0.354451503,0.288294,2.01E-05,0.545257242,,,,1,,10:45,2,2,0,4,4,0.013671875
LJ5675,yl,5,1,1,1,0,0,0,0,0,0,0,0,0,,8.499537796,11.65876181,0.0814532,6.89481,7.48026,678.28125,694.8671875,41.78320313,43.89648438,0.8828125,720.0644531,739.6464844,1373.148438,85.6796875,0.8828125,1459.711,0.05869634,0.058027032,0.059347925,0.9406985,0.941972968,0.939458515,6.05E-04,0,0.00119356,,,,1,,10:30,2,2,0,4,4,0
LJ5676,yl,5,1,1,1,0,0,0,0,0,0,0,0,0,,7.417943767,8.765909764,0.0275944,7.08849,7.28683,686.9941406,703.2109375,32.54882813,31.515625,1.55078125,719.5429688,736.2773438,1390.205078,64.06445313,1.55078125,1455.82,0.04400575,0.04523542,0.042804013,0.9549292,0.95476458,0.955089741,0.001065229,0,0.002106246,,,,1,,11:30,2,2,1,4,3.6,0
LW7390,mg,5,1,1,1,0,0,0,0,0,0,0,0,0,,2.973151235,4.800923465,,,,705.2773438,572.9589844,16.6953125,19.5078125,91,722.9199219,683.4667969,1278.236328,36.203125,92.09570313,1406.535,0.02573922,0.023094276,0.028542444,0.9087836,0.975595391,0.83831283,0.06547701,0.001310333,0.133144727,"unreliable midline shift estimates",,,1,,09:08,2,2,1,4,4,0.947265625
LW7395,mg,5,1,0,,0,0,0,0,0,0,0,0,0,,,,,,,,,,,,,,,,,,,,,,,,,,,,1,,,,,2,2,0,4,4,
MJ5135,sd,5,1,1,1,0,0,0,0,0,0,0,0,0,,4.168799924,8.574334457," -0.140701",7.69316,6.68187,705.0351563,589.875,29.671875,47.83007813,73.11914063,737.484375,710.8242188,1294.910156,77.50195313,75.953125,1448.365,0.05350996,0.040233903,0.067288194,0.8940495,0.956000127,0.829846514,0.05244059,0.00376597,0.102865292,,,,1,,10:47,1,1,1,3,3,2.77734375
MJ5137,sd,5,1,1,1,0,0,0,0,0,0,0,0,0,,3.981180639,9.956653554,0.108718,6.67867,7.4465,698.6640625,712.4609375,24.46484375,25.56445313,2.095703125,723.1347656,740.1210938,1411.125,50.02929688,2.103515625,1463.258,0.03419035,0.033831652,0.034540906,0.964372,0.966160245,0.962627526,0.001437556,8.10E-06,0.002831568,,,,1,,09:43,1,1,0,3,3,0.005859375
MJ5138,sd,5,1,0,,0,0,0,0,0,0,0,0,0,,,,,,,,,,,,,,,,,,,,,,,,,,,,1,,,,,1,1,1,3,3,
MJ5139,sd,5,1,1,1,0,0,0,0,0,0,0,0,0,,5.189409987,12.93019421,0.33853,5.97092,8.40411,668.9570313,303.6582031,28.99804688,62.91796875,401.5625,697.9550781,768.1386719,972.6152344,91.91601563,401.7910156,1466.322,0.06268474,0.041547154,0.081909649,0.6633026,0.958452846,0.395316906,0.2740128,0,0.522773445,,,,1,,09:10,1,1,1,4,4,0
MJ5141,sd,5,1,1,1,0,0,0,0,0,0,0,0,0,,3.458516251,9.490705588,0.218197,6.40336,7.97165,663.34375,711.2167969,22.08203125,21.78515625,1.875,685.4257813,734.8769531,1374.560547,43.8671875,1.880859375,1420.309,0.03088567,0.032216517,0.029644631,0.9677901,0.967783483,0.967803921,0.00132426,0,0.002551448,,,,1,,10:07,2,2,1,3,3,0
MJ5142,sd,5,1,0,,0,0,0,0,0,0,0,0,0,,,,,,,,,,,,,,,,,,,,,,,,,,,,1,,,,,1,1,0,3,3,
MJ5174,sd,5,1,1,1,0,0,0,0,0,0,0,0,0,,4.131273402,9.700335177,,,,716.5546875,612.4023438,36.09960938,38.5,60.25390625,753.15625,711.15625,1328.957031,74.59960938,60.80859375,1464.366,0.05094328,0.047931102,0.054137189,0.9075306,0.951402431,0.861136134,0.04152554,0.000666466,0.084726678,"unreliable midline shift estimates",,,1,,10:00,2,2,1,4,4,0.501953125
MJ5175,sd,5,1,0,,0,0,0,0,0,0,0,0,0,,,,,,,,,,,,,,,,,,,,,,,,,,,,1,,,,,2,2,1,4,4,
MJ5176,sd,5,1,1,1,0,0,0,0,0,0,0,0,0,,4.208795002,10.06428763,0.00795852,7.09666,7.15337,693.9003906,700.3261719,30.23242188,32.88671875,3.84375,724.1328125,737.0566406,1394.226563,63.11914063,3.84375,1461.19,0.04319708,0.04174983,0.044618984,0.9541723,0.95825017,0.950166016,0.002630561,0,0.005214999,,,,1,,14:16,1,1,1,4,4,0
MJ5182,sd,5,1,0,,0,0,0,0,0,0,0,0,0,,,,,,,,,,,,,,,,,,,,,,,,,,,,1,,,,,1,1,0,4,4,
MJ5183,sd,5,1,1,1,0,0,0,0,0,0,0,0,0,,3.528898361,10.25345384,0.26586,6.23207,8.14294,619.0429688,382.9140625,63.61523438,56.02929688,301.7011719,682.6679688,740.6445313,1001.957031,119.6445313,301.9609375,1423.563,0.08404581,0.093186201,0.075649376,0.7038375,0.906799494,0.517001134,0.2121163,1.43E-05,0.40734949,,,,1,,12:06,1,1,0,4,4,0.009765625
MJ5184,sd,5,1,0,,0,0,0,0,0,0,0,0,0,,,,,,,,,,,,,,,,,,,,,,,,,,,,1,,,,,2,2,1,4,4,
MJ5831,iw,5,1,1,1,0,0,0,0,0,0,0,0,0,,3.13764158,3.919600158,0.101229,6.70511,7.42004,647.9824219,597.75,16.91601563,16.13867188,66.94921875,664.9023438,680.8378906,1245.732422,33.0546875,66.984375,1345.771,0.0245619,0.025441354,0.023704133,0.9256642,0.974552771,0.877962299,0.04977398,5.87E-06,0.098333568,,,,1,,10:45,2,2,0,4,4,0.00390625
MJ5832,iw,5,1,1,1,0,0,0,0,0,0,0,0,0,,3.185523444,3.894361733,0.308126,6.0802,8.29487,647.1542969,492.4785156,20.05273438,35.06640625,213.59375,667.2070313,741.1386719,1139.632813,55.11914063,213.6308594,1408.383,0.03913647,0.030054741,0.047314231,0.8091783,0.969945259,0.664489028,0.1516852,0,0.288196741,,,,1,,12:40,1,1,0,4,4,0
MJ5833,iw,5,1,0,,0,0,0,0,0,0,0,0,0,,,,,,,,,,,,,,,,,,,,,,,,,,,,1,,,,,1,1,0,4,4,
MJ5834,iw,5,1,0,,0,0,0,0,0,0,0,0,0,,,,,,,,,,,,,,,,,,,,,,,,,,,,1,,,,,1,1,1,4,4,
MJ5835,iw,5,1,1,1,0,0,0,0,0,0,0,0,0,,2.900394609,3.596644421,0.150759,6.53014,7.59488,661.8007813,691.0371094,24.02929688,24.97265625,5.4140625,685.84375,721.4238281,1352.837891,49.00195313,5.427734375,1407.268,0.03482062,0.03503611,0.034615791,0.9613222,0.964943956,0.957879519,0.00385693,1.99E-05,0.00750469,,,,1,,09:37,1,1,1,4,4,0.013671875
MJ5836,iw,5,1,1,1,0,0,0,0,0,0,0,0,0,,3.252895561,4.133555761,0.354383,5.86253,8.38751,644.1445313,563.0878906,20.22851563,10.76171875,165.7734375,664.3789063,739.6230469,1207.232422,30.99023438,165.8535156,1404.076,0.02207162,0.030447257,0.014550275,0.8598053,0.969543923,0.761317394,0.1181229,8.82E-06,0.224132331,,,,1,,12:03,2,2,0,4,4,0.005859375
MJ5837,iw,5,1,1,1,0,0,0,0,0,0,0,0,0,,3.256905543,4.016711079,,,,688.6503906,594.2089844,37.3046875,38.49804688,30.02148438,726.1777344,662.7285156,1282.859375,75.80273438,30.24414063,1388.906,0.05457729,0.051371291,0.058090222,0.9236471,0.948322095,0.896609955,0.02177551,0.000306614,0.045299823,"poor CSF contrast creates unreliable midline shift estimate",,,1,,09:38,2,2,1,4,4,0.22265625
MJ5838,iw,5,1,0,,0,0,0,0,0,0,0,0,0,,,,,,,,,,,,,,,,,,,,,,,,,,,,1,,,,,1,1,1,3,,
MJ5839,iw,5,1,1,1,0,0,0,0,0,0,0,0,0,,3.412497626,4.61548027,0.32317,5.8691,8.13136,614.1171875,650.2597656,44.70703125,43.95703125,34.08398438,658.828125,728.3007813,1264.376953,88.6640625,34.08984375,1387.131,0.06391902,0.067858413,0.060355601,0.9115051,0.932135658,0.892845075,0.02457579,5.93E-06,0.046799324,,,,1,,10:44,2,2,0,3,3,0.00390625
MJ5840,iw,5,1,1,1,0,0,0,0,0,0,0,0,0,,3.228392099,4.349675901,0.162901,6.48729,7.63779,636.8261719,663.4160156,18.99609375,20.52539063,11.1484375,655.8320313,695.0898438,1300.242188,39.52148438,11.17578125,1350.939,0.02925482,0.028964876,0.029529119,0.9624728,0.971020233,0.954432037,0.008272602,1.49E-05,0.016038844,,,,1,,12:14,1,1,0,3,3,0.009765625
MJ5841,iw,5,1,1,1,0,0,0,0,0,0,0,0,0,,3.352659985,4.265849835,0.0309864,7.07616,7.29888,667.7753906,673.9628906,35.109375,40.55859375,1.818359375,702.8847656,716.3398438,1341.738281,75.66796875,1.82421875,1419.23,0.05331621,0.0499504,0.056619207,0.9453986,0.9500496,0.94084239,0.001285358,0,0.002538403,,,,1,,09:38,1,1,1,3,3,0
MN4910,dk,5,1,1,1,0,0,0,0,0,0,0,0,0,,4.402711354,5.784152922,0.283928,6.11354,8.13653,685.8613281,640.6699219,16.67578125,13.03515625,109.7929688,702.5371094,763.4980469,1326.53125,29.7109375,109.7929688,1466.035,0.02026619,0.023736513,0.01707294,0.9048427,0.976263487,0.839124507,0.07489112,0,0.143802554,,,,1,,11:05,2,2,1,3,3,0
MN4911,dk,5,1,1,1,0,0,0,0,0,0,0,0,0,,3.94070163,5.051656796,0.162709,6.603,7.77251,671.3984375,473.921875,35.16210938,59.29296875,204.296875,706.5605469,737.5117188,1145.320313,94.45507813,204.421875,1444.197,0.06540318,0.049765175,0.080395968,0.7930497,0.950234825,0.642595721,0.1415471,0,0.27700831,,,,1,,02:10,2,2,0,3,3,0
MN4924,dk,5,1,0,,0,0,0,0,0,0,0,0,0,,,,,,,,,,,,,,,,,,,,,,,,,,,,2,,,,,1,1,0,3,3,
MN4925,dk,5,1,0,,0,0,0,0,0,0,0,0,0,,,,,,,,,,,,,,,,,,,,,,,,,,,,2,,,,,2,2,1,3,3,
MN4940,ag,5,1,1,1,0,0,0,0,0,0,0,0,0,,3.263769053,5.256949251,0.0483115,6.89206,7.23327,710.125,714.1191406,12.6484375,14.18164063,7.05859375,722.7753906,735.359375,1424.244141,26.83007813,7.060546875,1458.135,0.01840027,0.017499818,0.01928532,0.9767573,0.98249748,0.971115845,0.004842176,2.70E-06,0.009598836,,,,1,,09:00,2,2,0,4,4,0.001953125
MN4941,ag,5,1,0,,0,0,0,0,0,0,0,0,0,,,,,,,,,,,,,,,,,,,,,,,,,,,,1,,,,,2,2,1,4,4,
MN4943,ag,5,1,1,1,0,0,0,0,0,0,0,0,0,,3.034231171,4.647396901,0.0612589,6.96752,7.40782,659.2070313,667.0507813,67.65234375,61.296875,12.18164063,726.859375,740.5292969,1326.257813,128.9492188,12.23046875,1467.437,0.08787376,0.093074873,0.082774409,0.9037921,0.906925127,0.90077568,0.008334579,0,0.01644991,,,,1,,10:10,2,2,1,4,4,0
MN4944,ag,5,1,1,1,0,0,0,0,0,0,0,0,0,,3.399372332,5.398946259,0.0458108,7.02296,7.35222,693.796875,704.421875,28.68554688,29.11132813,2.3359375,722.4863281,735.8691406,1398.21875,57.796875,2.33984375,1458.356,0.03963153,0.03970393,0.039560469,0.9587638,0.960290663,0.957265139,0.00160444,5.41E-06,0.003174393,,,,1,,12:00,2,2,0,3,3,0.00390625
MN4945,ag,5,1,0,,0,0,0,0,0,0,0,0,0,,,,,,,,,,,,,,,,,,,,,,,,,,,,1,,,,,2,2,1,3,3,
MN4946,ag,5,1,1,1,0,0,0,0,0,0,0,0,0,,3.36197917,5.622018215," -0.0521412",7.3108,6.93929,655.3027344,585.6582031,54.50195313,76.671875,46.25585938,710.4648438,708.5859375,1240.960938,131.1738281,46.9296875,1419.065,0.09243678,0.076713089,0.10820406,0.874492,0.922357721,0.82651683,0.03307085,0.000929189,0.06527911,,,,1,,12:00,1,1,0,3,3,0.66015625
MN5635,mg,5,1,1,1,0,0,0,0,0,0,0,0,0,,3.25029578,4.991544388,0.314382,5.74172,7.88348,584.890625,582.2890625,34.8046875,26.08984375,91.55859375,619.6953125,699.9375,1167.179688,60.89453125,91.63085938,1319.706,0.0461425,0.056164194,0.037274533,0.8844243,0.943835806,0.831915796,0.06943278,0,0.130809671,,,,1,,10:14,1,1,1,3,3,0
MN5636,mg,5,1,1,1,0,0,0,0,0,0,0,0,0,,3.023122872,4.978178715,0.293259,5.76046,7.74003,605.7851563,388.5292969,41.20703125,62.8515625,259.3554688,647.0019531,710.7363281,994.3144531,104.0585938,259.5175781,1357.891,0.07663251,0.063689191,0.088431617,0.7322491,0.936295715,0.546657433,0.1911181,1.51E-05,0.36491095,,,,1,,10:02,1,1,0,3,3,0.009765625
MN5643,mg,5,1,1,1,0,0,0,0,0,0,0,0,0,,3.348253603,5.499639245,0.290375,5.87701,7.87339,628.4042969,433.0058594,20.37695313,21.83007813,259.359375,648.7832031,714.1953125,1061.410156,42.20703125,259.6152344,1363.232,0.030961,0.031407954,0.030565978,0.7785982,0.968589035,0.606284936,0.190441,3.01E-06,0.363149086,,,,1,,09:00,1,1,1,3,3,0.001953125
MN5654,yl,5,1,1,1,0,0,0,0,0,0,0,0,0,,8.614549381,10.9192925," -0.106196",7.56916,6.80588,707.0664063,642.0253906,31.73242188,41.50976563,38.73828125,738.8007813,722.2734375,1349.091797,73.2421875,38.74023438,1461.074,0.05012901,0.042951257,0.057470985,0.9233564,0.9570461,0.888895199,0.0265149,2.64E-06,0.053633817,,,,1,,10:00,2,2,0,3,3,0.001953125
MN5665,yl,5,1,1,1,0,0,0,0,0,0,0,0,0,,9.182872829,11.47230037,0.365931,5.82141,8.42868,658.0546875,373.1542969,20.55664063,22.28515625,364.8183594,678.6191406,760.2578125,1031.208984,42.84179688,364.96875,1439.02,0.02977151,0.030291867,0.02931263,0.7166051,0.969696621,0.490825994,0.2536232,1.15E-05,0.479861375,,,,1,,10:30,1,1,0,3,3,0.0078125
MN5702,ag,5,1,1,1,0,0,0,0,0,0,0,0,0,,3.292701835,5.484529078,0.056155,6.86421,7.2608,644.9667969,554.9140625,19.08203125,16.97851563,121.5703125,664.0625,693.4628906,1199.880859,36.06054688,121.6367188,1357.579,0.0265624,0.028735294,0.024483669,0.8838388,0.971244118,0.800207293,0.08959825,2.06E-05,0.175309038,,,,1,,11:20,1,1,0,4,4,0.013671875
MN5730,dk,5,1,1,1,0,0,0,0,0,0,0,0,0,,4.446896968,5.619453616,0.282593,6.17216,8.20337,649.5136719,498.0605469,54.828125,78.44921875,183.9707031,704.3417969,760.4804688,1147.574219,133.2773438,184.0429688,1464.894,0.09098085,0.077843066,0.103157441,0.7833836,0.922156934,0.654928782,0.1256357,0,0.241913778,,,,1,,11:00,1,1,0,4,4,0
MN5731,dk,5,1,1,1,0,0,0,0,0,0,0,0,0,,4.269993336,5.714072436,0.197952,6.47611,7.89889,665.4765625,657.9902344,40.52148438,38.23828125,55.59179688,705.9980469,751.8203125,1323.466797,78.75976563,55.60351563,1457.831,0.05402531,0.057396029,0.050860931,0.9078329,0.942603971,0.875196139,0.03814127,0,0.07394293,,,,1,,12:40,1,1,1,4,4,0
MN5732,dk,5,1,0,,0,0,0,0,0,0,0,0,0,,,,,,,,,,,,,,,,,,,,,,,,,,,,1,,,,,1,1,0,4,4,
MN5733,dk,5,1,1,1,0,0,0,0,0,0,0,0,0,,4.822029308,6.113656848,0.391613,5.78014,8.59486,662.8730469,304.5253906,32.43164063,49.72070313,419.1699219,695.3046875,773.4160156,967.3984375,82.15234375,419.4199219,1468.971,0.05592509,0.046643783,0.064287139,0.6585551,0.953356217,0.393740735,0.2855195,0,0.541972125,,,,1,,11:05,2,2,1,4,4,0
MN5738,dk,5,1,1,1,0,0,0,0,0,0,0,0,0,,5.342158251,6.102750989,0.04404,7.02925,7.34579,695.4667969,658.9960938,23.40625,22.32617188,54.27539063,718.8789063,735.5976563,1354.462891,45.73242188,54.29296875,1454.488,0.03144228,0.032559378,0.030351064,0.9312301,0.967432471,0.895864863,0.03732789,8.15E-06,0.073784072,,,,1,,02:05,1,1,0,4,4,0.005859375
MN5739,dk,5,1,1,1,0,0,0,0,0,0,0,0,0,,4.403837454,5.818611394,0.214899,6.41523,7.95982,679.7382813,464.0546875,28.77539063,61.27539063,229.3105469,708.5136719,754.640625,1143.792969,90.05078125,229.4335938,1463.278,0.06154045,0.040613741,0.081198108,0.7816649,0.959386259,0.614934675,0.1567943,0,0.303867217,,,,1,,10:05,2,2,1,4,4,0
QQ3348,yl,5,1,0,,0,0,0,0,0,0,0,0,0,,,,,,,,,,,,,,,,,,,,,,,,,,,,1,,,,,1,1,1,4,4,
QQ3351,yl,5,1,0,,0,0,0,0,0,0,0,0,0,,,,,,,,,,,,,,,,,,,,,,,,,,,,1,,,,,1,1,1,3,3,
RQ9431,sd,5,1,1,0,0,0,0,0,0,0,0,0,1,"brain extraction failure",,,,,,,,,,,,,,,,,,,,,,,,,,"image contrast looks fine - brain extraction includes non-brain tissue nonetheless",,,1,,11:02,1,1,0,4,4,
RQ9432,sd,5,1,1,1,0,0,0,0,0,0,0,0,0,,4.717543942,10.54601154,0.27144,6.21208,8.16308,630.8125,329.078125,69.421875,80.95117188,350.7753906,700.2421875,760.8046875,959.890625,150.3730469,350.9472656,1461.211,0.1029098,0.099139807,0.106402041,0.6569144,0.900849037,0.43253956,0.2401756,1.12E-05,0.461058398,,,,1,,09:00,2,2,1,3,3,0.0078125
RQ9447,sd,5,1,1,1,0,0,0,0,0,0,0,0,0,,4.386360694,12.35230626," -0.127841",7.64704,6.72817,716.1796875,625.3300781,20.25195313,27.91992188,60.4765625,736.53125,713.7265625,1341.509766,48.171875,60.625,1450.307,0.03321495,0.027496394,0.039118513,0.9249835,0.972368365,0.876147969,0.04180149,0.000135241,0.084733518,,,,1,,11:30,1,1,0,3,3,0.099609375
RQ9448,sd,5,1,1,1,0,0,0,0,0,0,0,0,0,,4.178142389,11.13586685," -0.128441",7.64909,6.72592,710.8652344,651.4121094,28.92382813,34.08203125,30.16601563,739.7929688,715.6601563,1362.277344,63.00585938,30.17382813,1455.457,0.0432894,0.039097193,0.047623206,0.9359789,0.960897527,0.91022548,0.02073152,5.28E-06,0.042151314,,,,1,,08:30,2,2,0,3,3,0.00390625
RQ9450,sd,5,1,1,1,0,0,0,0,0,0,0,0,0,,5.329314131,11.093743,0.358911,5.74382,8.2562,625.5917969,331.828125,57.74804688,64.625,354.4570313,683.3535156,750.9101563,957.4199219,122.3730469,354.5996094,1434.393,0.08531344,0.084506841,0.086062227,0.6674739,0.915473152,0.441901234,0.2472123,2.00E-05,0.472036539,,,,1,,12:33,2,2,0,4,4,0.013671875
RQ9456,sd,5,1,1,1,0,0,0,0,0,0,0,0,0,,4.72605379,11.08817111,0.385014,5.80389,8.5712,615.1582031,283.9375,71.97460938,67.453125,417.6367188,687.1464844,769.0273438,899.0957031,139.4277344,417.8867188,1456.41,0.09573382,0.104744201,0.087712258,0.6173369,0.895235903,0.36921639,0.2869293,1.99E-05,0.543071351,,,,1,,10:05,1,1,0,4,4,0.013671875
RQ9457,sd,5,1,0,,0,0,0,0,0,0,0,0,0,,,,,,,,,,,,,,,,,,,,,,,,,,,,1,,,,,2,2,1,4,4,
RQ9462,sd,5,1,1,1,0,0,0,0,0,0,0,0,0,,4.171909683,10.83407842,0.2564,6.21168,8.03855,662.8789063,674.5019531,42.23632813,43.53515625,43.77148438,705.1152344,761.8085938,1337.380859,85.77148438,43.83007813,1466.982,0.05846798,0.059899894,0.057147106,0.9116547,0.940100106,0.885395569,0.02987772,0,0.057457326,,,,1,,12:17,2,2,1,4,4,0
RQ9463,sd,5,1,1,1,0,0,0,0,0,0,0,0,0,,3.31647466,4.313833296,,,,799.625,455.1835938,2.111328125,17.64648438,192.1054688,803.6992188,664.9355469,1254.808594,19.7578125,194.1289063,1468.696,0.01345262,0.002627013,0.026538639,0.8543695,0.994930667,0.684552955,0.1321777,0.00244232,0.288908406,"unreliable midline shift estimates",,,1,,11:30,1,1,1,4,4,1.962890625
RR0053,iw,5,1,1,1,0,0,0,0,0,0,0,0,0,,3.293874341,4.115920664,0.102922,6.8178,7.55757,660.4140625,331.5117188,35.8828125,39.21484375,355.8828125,696.3046875,726.609375,991.9257813,75.09765625,356.0214844,1423.044,0.05277255,0.051533205,0.053969636,0.6970451,0.948455575,0.456244758,0.2501831,1.12E-05,0.489785605,,,,1,,11:06,1,1,1,4,4,0.0078125
RR0054,iw,5,1,0,,0,0,0,0,0,0,0,0,0,,,,,,,,,,,,,,,,,,,,,,,,,,,,1,,,,,2,2,0,4,4,
RR0055,iw,5,1,1,1,0,0,0,0,0,0,0,0,0,,3.109675074,3.731879019,0.0262406,7.09335,7.28195,704.7636719,704.734375,16.06445313,13.875,16.56835938,720.8339844,735.1777344,1409.498047,29.93945313,16.60742188,1456.044,0.02056219,0.022285926,0.018872987,0.9680326,0.977705945,0.958590477,0.01140585,8.13E-06,0.022536536,,,,1,,13:01,2,2,1,4,4,0.005859375
RR0056,iw,5,1,1,1,0,0,0,0,0,0,0,0,0,,3.038474041,3.76256639,0.0588141,6.97617,7.39889,685.8085938,688.4355469,15.85742188,16.04492188,15.37109375,701.6679688,719.8515625,1374.244141,31.90234375,15.38085938,1421.527,0.0224423,0.022599609,0.022289209,0.9667379,0.977397607,0.956357648,0.01081996,2.78E-06,0.021353144,,,,1,,12:22,1,1,0,4,4,0.001953125
RR0057,iw,5,1,1,1,0,0,0,0,0,0,0,0,0,,3.067487892,3.88077337," -0.0338758",7.30944,7.06595,654.2890625,651.1289063,31.34570313,34.68945313,3,685.8515625,688.8183594,1305.417969,66.03515625,3.21875,1374.672,0.04803703,0.045703334,0.050360814,0.9496214,0.953980567,0.945283902,0.002341468,0.000316099,0.004355285,,,,1,,09:37,2,2,1,4,4,0.216796875
RR0058,iw,5,1,1,1,0,0,0,0,0,0,0,0,0,,3.140659019,4.13474734,0.0534833,6.63047,6.99484,633.3808594,655.0273438,14.60546875,18.62304688,1.7421875,647.9863281,675.3925781,1288.408203,33.22851563,1.767578125,1323.405,0.02510835,0.022539779,0.027573662,0.9735553,0.977460221,0.969846819,0.001335629,0,0.002579518,,,,1,,10:41,1,1,0,4,4,0
RR0059,iw,5,1,1,1,0,0,0,0,0,0,0,0,0,,3.126538079,3.803334154," -0.180216",7.63094,6.3694,671.8105469,601.6992188,33.41796875,30.41210938,43.3671875,708.0175781,675.4785156,1273.509766,63.83007813,46.19726563,1383.537,0.04613543,0.047199349,0.045023059,0.9204741,0.948861395,0.890774769,0.0333907,0.003939256,0.064202171,,,,1,,09:36,1,1,1,3,3,2.7890625
RR0060,iw,5,1,1,1,0,0,0,0,0,0,0,0,0,,3.251977945,4.125707045," -0.0303008",7.29652,7.07873,700.3378906,691.0976563,23.1015625,26.3515625,4.595703125,723.7675781,722.0449219,1391.435547,49.453125,4.923828125,1445.813,0.03420437,0.031918482,0.036495738,0.96239,0.967628161,0.957139418,0.003405577,0.000453357,0.006364844,,,,1,,09:54,1,1,1,3,3,0.328125
RR0061,iw,5,1,1,1,0,0,0,0,0,0,0,0,0,,3.412900528,4.693917491,0.0915297,6.85857,7.51644,641.359375,634.4550781,24.40234375,25.41210938,33.75195313,665.7675781,693.6191406,1275.814453,49.81445313,33.78125,1359.409,0.0366442,0.036652947,0.036636978,0.9385064,0.963338252,0.914702379,0.02484995,8.80E-06,0.048660643,,,,1,,10:44,1,1,0,3,3,0.005859375
RR0062,iw,5,1,1,1,0,0,0,0,0,0,0,0,0,,3.347962548,4.27023014,0.242708,6.31528,8.05975,652.2675781,705.7285156,26.25585938,25.3515625,0.66015625,678.5234375,731.7402344,1357.996094,51.60742188,0.66015625,1410.263,0.03659418,0.038695582,0.034645577,0.9629381,0.961304418,0.96445225,4.68E-04,0,0.000902173,,,,1,,10:39,2,2,0,3,3,0
RV6518,dk,5,1,1,1,0,0,0,0,0,0,0,0,0,,4.366075664,5.617507845,0.328194,6.00806,8.36696,666.1875,362.9628906,27.01757813,40.98046875,357.2910156,693.2050781,761.234375,1029.150391,67.99804688,357.4570313,1454.605,0.04674675,0.03897487,0.053834233,0.7075117,0.96102513,0.476808329,0.2457416,0,0.469357438,,,,1,,12:50,2,2,0,4,4,0
RV6519,dk,5,1,1,1,0,0,0,0,0,0,0,0,0,,4.086493028,5.599697151,0.116464,6.71012,7.53993,672.4042969,692.1113281,32.16992188,35.078125,5.533203125,704.5742188,732.7226563,1364.515625,67.24804688,5.5390625,1437.303,0.04678766,0.04565867,0.047873673,0.9493586,0.95434133,0.944574761,0.003853789,0,0.007551565,,,,1,,01:15,1,1,1,4,4,0
RV6542,ag,5,1,1,1,0,0,0,0,0,0,0,0,0,,3.315904765,5.205203541,0.280679,6.17881,8.19619,686.8144531,624.0527344,19.56445313,16.71289063,121.4824219,706.3886719,762.2480469,1310.867188,36.27734375,121.5859375,1468.73,0.0246998,0.027696442,0.02192579,0.8925173,0.972289733,0.818700339,0.08278302,1.38E-05,0.159373871,,,,1,,09:10,1,1,1,4,4,0.009765625
RV6543,ag,5,1,1,1,0,0,0,0,0,0,0,0,0,,2.929952999,4.82688848,0.337146,5.97598,8.39925,681.5429688,665.2910156,14.10351563,19.9765625,81.37695313,695.6601563,766.6445313,1346.833984,34.08007813,81.421875,1462.336,0.02330523,0.020273571,0.026057138,0.9210154,0.979706776,0.867795945,0.05567932,1.97E-05,0.106146917,,,,1,,09:00,1,1,1,4,4,0.013671875
RV9457,yl,5,1,1,1,0,0,0,0,0,0,0,0,0,,6.451440077,7.640928187,0.0756617,6.85558,7.39468,685.6425781,699.1386719,37.36914063,40.68164063,3.9140625,723.0117188,743.734375,1384.78125,78.05078125,3.9140625,1466.746,0.05321356,0.051685387,0.054699153,0.9441178,0.948314613,0.940038131,0.002668534,0,0.005262716,,,,1,,10:30,1,1,1,3,3,0
RV9468,yl,5,1,0,,0,0,0,0,0,0,0,0,0,,,,,,,,,,,,,,,,,,,,,,,,,,,,1,,,,,1,1,1,3,3,
RV9534,mg,5,1,1,1,0,0,0,0,0,0,0,0,0,,3.32182293,5.200245571,0.00635537,7.04009,7.08497,644.0332031,637.1152344,34.078125,29.12304688,19.83203125,678.4550781,686.0703125,1281.148438,63.20117188,20.27539063,1364.624,0.04631398,0.050229007,0.04244907,0.9388286,0.949264327,0.928644226,0.01485786,0.000506666,0.028906704,,,,1,,10:32,1,1,1,4,4,0.34375
RV9535,mg,5,1,1,1,0,0,0,0,0,0,0,0,0,,2.945206897,4.720262644,0.0767758,6.31076,6.81461,583.5292969,541.0058594,22.71875,32.52148438,61.87695313,606.2519531,635.4042969,1124.535156,55.24023438,61.92382813,1241.699,0.04448762,0.037474106,0.051182349,0.9056422,0.962519451,0.851435632,0.04987024,6.44E-06,0.097382019,,,,1,,09:51,1,1,0,3,3,0.00390625
RV9545,mg,5,1,1,1,0,0,0,0,0,0,0,0,0,,2.772364487,4.52308247,0.477365,5.04373,8.20628,583.7324219,499.3808594,22.921875,13.28320313,178.46875,606.65625,691.1328125,1083.113281,36.20507813,178.6113281,1297.929,0.0278945,0.037783959,0.019219465,0.8344933,0.962212821,0.722554117,0.1376125,3.22E-06,0.258226417,,,,1,,09:00,2,2,1,3,3,0.001953125
RV9573,yl,5,1,1,1,0,0,0,0,0,0,0,0,0,,8.949404742,11.18322039,0.0996881,6.82931,7.54582,660.1230469,534.0976563,30.91210938,23.88671875,165.2695313,691.0351563,723.2539063,1194.220703,54.79882813,165.3476563,1414.368,0.03874439,0.044733049,0.03302674,0.8443496,0.955266951,0.738464945,0.1169057,0,0.228508315,,,,1,,10:50,2,2,0,4,4,0
RV9580,yl,5,1,1,1,0,0,0,0,0,0,0,0,0,,6.893432447,8.603010432," -0.124655",7.63565,6.73967,703.3007813,682.6367188,41.04101563,34.33007813,5.4296875,745.1757813,722.3964844,1385.9375,75.37109375,6.2734375,1467.582,0.05135733,0.055075617,0.047522488,0.9443684,0.943805205,0.944961297,0.004274676,0.001119178,0.007516215,,,,1,,11:00,2,2,1,4,4,0.833984375
RV9585,yl,5,1,0,,0,0,0,0,0,0,0,0,0,,,,,,,,,,,,,,,,,,,,,,,,,,,,1,,,,,2,1,1,4,3.6,
RV9586,yl,5,1,1,1,0,0,0,0,0,0,0,0,0,,7.956651262,10.06855649," -0.0133362",7.17269,7.07767,712.7382813,707.6113281,21.59375,20.40429688,5.125,734.484375,733.140625,1420.349609,41.99804688,5.27734375,1467.625,0.02861634,0.029399877,0.027831355,0.9677881,0.970392707,0.965178172,0.00359584,0.000207416,0.006990473,,,,1,,11:50,1,1,1,4,4,0.15234375
RV9587,yl,5,1,1,1,0,0,0,0,0,0,0,0,0,,11.02001106,12.72264214,0.0681697,6.94253,7.4325,691.9042969,695.2382813,27.3671875,32.84960938,8.01953125,719.2714844,736.1074219,1387.142578,60.21679688,8.01953125,1455.38,0.04137531,0.038048481,0.044626108,0.953114,0.961951519,0.94447938,0.005510266,0,0.010894512,,,,1,,12:35,2,2,0,4,4,0
RV9590,dk,5,1,1,1,0,0,0,0,0,0,0,0,0,,5.199087526,6.037734404,0.216268,6.41031,7.96474,681.671875,470.5371094,30.140625,48.62695313,237.0214844,711.8125,756.1855469,1152.208984,78.76757813,237.1953125,1468.172,0.0536501,0.042343489,0.064305584,0.7847916,0.957656511,0.622250863,0.1615583,0,0.313443553,,,,1,,01:15,2,2,1,3,3,0
RV9591,dk,5,1,1,1,0,0,0,0,0,0,0,0,0,,4.628787934,6.190359658,0.190511,6.50309,7.87244,638.8808594,384.5644531,62.046875,125.03125,234.1933594,700.9277344,743.7890625,1023.445313,187.078125,234.2949219,1444.818,0.1294821,0.088521073,0.168100415,0.7083557,0.911478927,0.517034294,0.1621622,0,0.314865291,,,,1,,10:40,1,1,0,3,3,0
RV9598,dk,5,1,0,,0,0,0,0,0,0,0,0,0,,,,,,,,,,,,,,,,,,,,,,,,,,,,1,,,,,2,2,0,3,3,
RV9599,dk,5,1,1,1,0,0,0,0,0,0,0,0,0,,4.528586814,5.656496764,0.109118,6.79559,7.5799,682.8886719,672.8964844,36.76757813,35.86132813,36.21679688,719.6601563,744.9746094,1355.785156,72.62890625,36.234375,1464.648,0.04958796,0.051090196,0.048137652,0.9256729,0.948904377,0.903247541,0.02473931,5.43E-06,0.048614807,,,,1,,12:50,1,1,1,3,3,0.00390625
RV9600,dk,5,1,1,1,0,0,0,0,0,0,0,0,0,,4.328879039,5.380682733," -0.221238",7.98266,6.39249,720.375,681.015625,30.89257813,26.90234375,4.34765625,751.4570313,712.265625,1401.390625,57.79492188,4.544921875,1463.731,0.03948466,0.041110239,0.0377701,0.9574102,0.958637647,0.956125919,0.003105025,0.000252114,0.006103982,,,,1,,10:10,1,1,1,3,3,0.189453125
RV9601,dk,5,1,1,1,0,0,0,0,0,0,0,0,0,,4.436826965,5.86679937," -0.00304319",7.136,7.11432,695.8242188,693.59375,33.54101563,29.1015625,6.078125,729.8613281,728.7734375,1389.417969,62.64257813,6.6015625,1458.663,0.0429452,0.045955326,0.039932249,0.9525284,0.953364964,0.951727539,0.004525762,0.00067971,0.008340212,,,,1,,12:35,2,2,0,3,3,0.49609375
RV9610,ag,5,1,1,1,0,0,0,0,0,0,0,0,0,,3.543186162,6.45102192,0.108036,6.79945,7.57598,674.9335938,530.59375,38.20507813,49.96289063,154.40625,713.1484375,734.9628906,1205.527344,88.16796875,154.4863281,1448.181,0.06088187,0.053572407,0.067980154,0.8324422,0.9464139,0.721932708,0.1066761,1.37E-05,0.210087138,,,,1,,09:00,1,1,0,4,4,0.009765625
RV9612,ag,5,1,0,,0,0,0,0,0,0,0,0,0,,,,,,,,,,,,,,,,,,,,,,,,,,,,1,,,,,2,2,1,4,4,
RV9613,ag,5,1,1,1,0,0,0,0,0,0,0,0,0,,3.685931244,6.154798476,0.0692508,6.75763,7.24238,660.3046875,610.7949219,47.22460938,45.5546875,68.53320313,707.5390625,724.8828125,1271.099609,92.77929688,68.61523438,1432.494,0.06476767,0.066744879,0.06284421,0.8873336,0.933241318,0.842611952,0.04789914,1.38E-05,0.094543838,,,,1,,11:30,2,2,0,4,4,0.009765625
RV9614,ag,5,1,1,1,0,0,0,0,0,0,0,0,0,,3.371843588,5.5827404," -0.089362",7.50871,6.86641,722.0058594,653.1992188,17.5859375,14.77929688,57.95507813,739.8339844,725.9335938,1375.205078,32.36523438,58.2265625,1465.797,0.02208029,0.023770113,0.02035902,0.9381961,0.975902533,0.899805746,0.03972348,0.000327354,0.079835234,,,,1,,10:10,2,2,0,4,4,0.2421875
RV9615,ag,5,1,1,1,0,0,0,0,0,0,0,0,0,,3.316025096,5.365781827," -0.228667",8.00929,6.36574,714.7871094,613.9199219,23.21484375,36.921875,48.5078125,738.2695313,699.3496094,1328.707031,60.13671875,48.796875,1437.641,0.04183014,0.031444944,0.052794589,0.9242273,0.968192617,0.877844091,0.03394233,0.00036244,0.069361321,,,,1,,11:20,1,1,0,4,4,0.267578125
RV9616,ag,5,1,0,,0,0,0,0,0,0,0,0,0,,,,,,,,,,,,,,,,,,,,,,,,,,,,1,,,,,2,2,1,4,4,
RV9617,ag,5,1,1,1,0,0,0,0,0,0,0,0,0,,3.572950244,5.581354107," -0.155218",7.6781,6.57215,703.609375,674.0546875,26.97265625,26.12304688,5.234375,731.0195313,705.4121094,1377.664063,53.09570313,5.69140625,1436.451,0.03696311,0.036897313,0.03703232,0.9590748,0.962504208,0.955547372,0.00396213,0.000598479,0.007420308,,,,1,,11:20,2,2,0,3,3,0.4375
RV9618,ag,5,1,1,1,0,0,0,0,0,0,0,0,0,,3.629713935,5.642471376," -0.0295182",7.2936,7.08143,696.3203125,628.1328125,35.5546875,29.72460938,70.79101563,732.9492188,728.6484375,1324.453125,65.27929688,71.94726563,1461.679,0.04466049,0.048509073,0.040794172,0.9061176,0.950025315,0.862051958,0.04922235,0.001465611,0.09715387,,,,1,,13:30,1,1,0,3,3,1.07421875
RV9619,ag,5,1,1,1,0,0,0,0,0,0,0,0,0,,3.203465366,4.888192393,0.051613,7.00206,7.37303,689.7089844,688.1972656,27.1875,30.18554688,13.2421875,716.9003906,731.625,1377.90625,57.37304688,13.3359375,1448.615,0.03960545,0.037923679,0.041258222,0.9511885,0.962070873,0.940642085,0.009205993,5.45E-06,0.018099692,,,,1,,09:00,2,2,1,3,3,0.00390625
RV9621,ag,5,1,0,,0,0,0,0,0,0,0,0,0,,,,,,,,,,,,,,,,,,,,,,,,,,,,1,,,,,1,1,0,3,3,
VV5204,yl,5,1,1,1,0,0,0,0,0,0,0,0,0,,9.272057831,12.20534961,0.301254,6.10488,8.27014,665.796875,534.5097656,27.54492188,19.47460938,206.1503906,693.3417969,760.1347656,1200.306641,47.01953125,206.2441406,1453.571,0.0323476,0.039727768,0.025619943,0.8257643,0.960272232,0.703177633,0.1418879,0,0.271202424,,,,1,,09:30,1,1,1,4,4,0
VV5205,yl,5,1,1,1,0,0,0,0,0,0,0,0,0,,8.848924902,11.44550458,0.130379,6.66057,7.58953,675.890625,699.4414063,41.296875,44.99804688,5.150390625,717.1875,749.5898438,1375.332031,86.29492188,5.150390625,1466.777,0.05883302,0.057581699,0.060030225,0.9376558,0.942418301,0.93309883,0.003511366,0,0.006870945,,,,1,,09:30,1,1,0,4,4,0
VV5206,yl,5,1,1,1,0,0,0,0,0,0,0,0,0,,7.502938535,8.656460144,0.0968328,6.78026,7.47022,685.9082031,705.828125,35.27929688,38.46484375,1.970703125,721.1875,746.2636719,1391.736328,73.74414063,1.970703125,1467.451,0.05025322,0.048918342,0.051543235,0.9484037,0.951081658,0.945816005,0.001342943,0,0.00264076,,,,1,,10:30,2,2,1,4,4,0
VV5213,yl,5,1,1,1,0,0,0,0,0,0,0,0,0,,7.878889734,10.0578786,,,,695.3046875,607.4667969,40.01367188,57.88867188,37.6484375,738.6796875,703.0039063,1302.771484,97.90234375,41.00976563,1441.683,0.06790837,0.054169179,0.082344737,0.9036459,0.941280367,0.864101595,0.02844576,0.004550454,0.053553668,"unreliable midline shift estimates",,,1,,10:50,2,2,1,4,4,3.361328125
VV5214,yl,5,1,1,1,0,0,0,0,0,0,0,0,0,,7.087956568,9.200020041,0.0834817,6.88768,7.48772,674.8359375,620.1269531,42.15234375,43.5,73.00390625,716.9882813,736.6308594,1294.962891,85.65234375,73.00390625,1453.619,0.05892351,0.058790841,0.059052644,0.8908545,0.941209159,0.841842213,0.05022218,0,0.099105142,,,,1,,10:00,2,2,1,4,4,0
VV5249,yl,5,1,1,1,0,0,0,0,0,0,0,0,0,,9.689164718,12.5017776," -0.029504",7.2938,7.08173,690.4433594,685.2539063,36.92773438,37.95507813,0.779296875,727.7617188,723.9882813,1375.697266,74.8828125,1.169921875,1451.75,0.05158106,0.050741518,0.05242499,0.9476129,0.948721733,0.946498616,8.06E-04,0.000536748,0.001076394,,,,1,,10:30,2,2,0,3,3,0.390625
VV5258,yl,5,1,1,1,0,0,0,0,0,0,0,0,0,,8.54996723,10.74266177,0.215653,6.41252,7.96254,689.1816406,625.4042969,16.94921875,15.58789063,112.7597656,706.1308594,753.7519531,1314.585938,32.53710938,112.8027344,1459.926,0.02228682,0.024002943,0.020680398,0.900447,0.975997057,0.829721627,0.07726604,0,0.149597975,,,,1,,10:35,2,2,1,3,3,0
WI2549,mg,5,1,1,1,0,0,0,0,0,0,0,0,0,,3.364814006,5.909059759," -0.0708024",7.18319,6.69199,676.2265625,586.3183594,21.23046875,26.68945313,77.55859375,698.5,690.5664063,1262.544922,47.91992188,78.67773438,1389.143,0.03449603,0.030394372,0.038648641,0.9088661,0.968112473,0.849039794,0.0566376,0.001493155,0.112311565,,,,1,,09:33,2,2,1,4,4,1.04296875
WI2550,mg,5,1,1,1,0,0,0,0,0,0,0,0,0,,3.233903342,5.348394662,,,,675.625,533.671875,17.14257813,16.24609375,62.89453125,704.453125,612.8125,1209.296875,33.38867188,74.65039063,1317.336,0.0253456,0.02433459,0.026510709,0.9179868,0.959077298,0.870856706,0.05666769,0.016588111,0.102632585,"unreliable midline shift estimates",,,1,,09:21,1,1,0,4,4,11.68554688
WI2555,mg,5,1,0,,0,0,0,0,0,0,0,0,0,,,,,,,,,,,,,,,,,,,,,,,,,,,,1,,,,,1,1,1,4,4,
WS3717,sd,5,1,1,1,0,0,0,0,0,0,0,0,0,,3.949084402,10.26834554,0.0648786,6.95439,7.42071,587.7421875,568.1914063,136.4121094,108.6269531,63.41601563,724.1542969,740.234375,1155.933594,245.0390625,63.41992188,1464.393,0.1673315,0.18837437,0.146746702,0.7893605,0.81162563,0.767583113,0.04330799,0,0.085670185,,,,1,,09:03,2,2,1,3,3,0
WS3718,sd,5,1,1,1,0,0,0,0,0,0,0,0,0,,4.341138893,10.87588887,0.0565578,6.98425,7.39076,702.9101563,549.9257813,17.95703125,24.13867188,161.4882813,720.8671875,735.5527344,1252.835938,42.09570313,161.5664063,1456.498,0.028902,0.024910319,0.032817051,0.8601701,0.975089681,0.747636105,0.110928,0,0.219546844,,,,1,,16:10,1,1,0,3,3,0
WS3719,sd,5,1,1,1,0,0,0,0,0,0,0,0,0,,4.978167874,12.63536579,0.227254,6.37101,8.00444,628.8007813,308.4882813,69.75,87.12695313,357.5371094,698.5644531,753.1523438,937.2890625,156.8769531,357.7382813,1451.904,0.1080492,0.099847623,0.115683041,0.6455586,0.900132806,0.409596125,0.2463925,1.96E-05,0.474720835,,,,1,,09:18,2,2,1,4,4,0.013671875
WS3721,sd,5,1,1,1,0,0,0,0,0,0,0,0,0,,4.306813794,10.1636571,,,,723.1972656,435.1953125,9.85546875,21.16015625,273.21875,733.6113281,729.5742188,1158.392578,31.015625,273.8886719,1463.298,0.0211957,0.013434183,0.029003432,0.7916316,0.985804387,0.596505882,0.1871722,0.00076143,0.374490686,"unreliable midline shift estimates",,,1,,14:15,1,1,1,3,3,0.55859375
WS3722,sd,5,1,0,,0,0,0,0,0,0,0,0,0,,,,,,,,,,,,,,,,,,,,,,,,,,,,1,,,,,2,2,0,3,3,
WS3756,sd,5,1,0,,0,0,0,0,0,0,0,0,0,,,,,,,,,,,,,,,,,,,,,,,,,,,,1,,,,,2,2,0,4,4,
WS3762,sd,5,1,1,0,0,0,0,0,1,0,0,0,0,,,,,,,,,,,,,,,,,,,,,,,,,,,,,,1,,14:06,2,2,1,4,4,
WS3763,sd,5,1,1,1,0,0,0,0,0,0,0,0,0,,2.965616301,9.562020073,0.0254401,7.03445,7.21571,689.8457031,667.3945313,23.35742188,19.3359375,50.66796875,713.203125,737.3984375,1357.240234,42.69335938,50.67578125,1450.609,0.02943134,0.032750027,0.026221831,0.9356346,0.967249973,0.905066376,0.03493414,0,0.068711793,,,,1,,13:40,1,1,1,4,4,0
WS4351,iw,5,1,1,1,0,0,0,0,0,0,0,0,0,,3.13519084,3.784523454,0.0463246,6.77708,7.09847,614.1054688,580.7617188,44.45703125,47.69921875,53.89648438,658.5683594,682.3574219,1194.867188,92.15625,53.9140625,1340.937,0.06872526,0.067505568,0.069903568,0.8910687,0.932485535,0.851110723,0.04020626,8.90E-06,0.078985708,,,,1,,09:45,1,1,1,4,4,0.005859375
WS4352,iw,5,1,1,1,0,0,0,0,0,0,0,0,0,,2.982045726,3.633906365,0.323364,6.02545,8.34964,633.6992188,683.3925781,14.4296875,15.69140625,18.890625,648.1328125,717.9746094,1317.091797,30.12109375,18.921875,1366.135,0.0220484,0.022263473,0.021855099,0.9641009,0.9777305,0.951833908,0.01385067,6.03E-06,0.026310993,,,,1,,09:36,2,2,1,4,4,0.00390625
WS4354,iw,5,1,1,1,0,0,0,0,0,0,0,0,0,,3.222273904,3.981852514,0.077978,6.78715,7.33787,669.9765625,474.6035156,20.29492188,19.04296875,220.0449219,690.2773438,713.6914063,1144.580078,39.33789063,220.1171875,1404.035,0.02801774,0.029401113,0.026682357,0.8152076,0.970590399,0.664998221,0.1567747,8.49E-06,0.308319422,,,,1,,10:05,1,1,0,4,4,0.005859375
WS4355,iw,5,1,1,1,0,0,0,0,0,0,0,0,0,,3.122162572,3.917702275,0.0839814,6.8857,7.48931,698.1015625,603.703125,8.140625,10.49023438,119.390625,706.2539063,733.5839844,1301.804688,18.63085938,119.4101563,1439.846,0.01293948,0.011526485,0.014299977,0.9041279,0.988456922,0.822950252,0.08293262,1.66E-05,0.16274977,,,,1,,10:48,1,1,0,4,4,0.01171875
WS4356,iw,5,1,1,1,0,0,0,0,0,0,0,0,0,,2.979540722,3.632241822," -0.117435",7.47724,6.64784,706.3671875,648.5566406,22.72265625,20.35742188,40.73242188,729.5410156,709.6464844,1354.923828,43.08007813,41.20507813,1439.209,0.02993316,0.03114651,0.028686709,0.9414366,0.968235058,0.913915104,0.02863037,0.000618433,0.057398187,,,,1,,09:37,2,2,1,4,4,0.451171875
WS4358,iw,5,1,1,1,0,0,0,0,0,0,0,0,0,,3.186421172,3.973011606," -0.0341262",6.99256,6.75794,644.5625,644.6835938,26.34765625,26.1953125,0.46484375,670.9101563,671.34375,1289.246094,52.54296875,0.46484375,1342.254,0.03914533,0.039271512,0.039019225,0.9605082,0.960728488,0.960288368,3.46E-04,0,0.000692408,,,,1,,11:40,1,1,0,4,4,0
WS4360,iw,5,1,1,1,0,0,0,0,0,0,0,0,0,,3.240436497,3.977361822,0.349715,5.93076,8.44436,653.0253906,446.9492188,25.3828125,19.35351563,285.2734375,678.4082031,751.5761719,1099.974609,44.73632813,285.3730469,1430.084,0.03128231,0.03741525,0.025750571,0.7691681,0.96258475,0.594682529,0.1995498,0,0.3795669,,,,1,,11:09,2,2,1,3,3,0
WS4361,iw,5,1,1,1,0,0,0,0,0,0,0,0,0,,3.183969277,3.901619971,0.166113,6.5906,7.78456,676.4140625,702.8417969,21.63671875,27.43164063,4.09375,698.0546875,734.3671875,1379.255859,49.06835938,4.107421875,1432.431,0.0342553,0.030995736,0.037354121,0.9628778,0.968998668,0.957071352,0.002867448,5.60E-06,0.005574527,,,,1,,09:36,2,2,1,3,3,0.00390625
WS4362,iw,5,1,1,1,0,0,0,0,0,0,0,0,0,,3.422983004,4.731309136,0.0804047,6.65877,7.21659,659.6972656,672.0605469,17.71289063,18.71484375,0.568359375,677.4121094,691.34375,1331.757813,36.42773438,0.5703125,1368.756,0.02661375,0.02614788,0.027070244,0.9729696,0.973849237,0.972107648,4.17E-04,2.88E-06,0.000822108,,,,1,,11:41,2,2,0,3,3,0.001953125
WX5830,dk,5,1,0,,0,0,0,0,0,0,0,0,0,,,,,,,,,,,,,,,,,,,,,,,,,,,,1,,,,,2,2,0,4,4,
WX5831,dk,5,1,0,,0,0,0,0,0,0,0,0,0,,,,,,,,,,,,,,,,,,,,,,,,,,,,1,,,,,1,1,1,4,4,
WX5834,dk,5,1,0,,0,0,0,0,0,0,0,0,0,,,,,,,,,,,,,,,,,,,,,,,,,,,,1,,,,,1,1,0,4,4,
WX5835,dk,5,1,1,1,0,0,0,0,0,0,0,0,0,,4.249294267,5.484497029,0.00052002,7.18581,7.18955,714.4921875,616.5175781,18.78515625,29.51171875,86.32617188,733.5078125,732.3554688,1331.009766,48.296875,86.5859375,1465.893,0.03294707,0.025610029,0.040296987,0.9079858,0.97407577,0.841828326,0.05906703,0.000314201,0.117874687,,,,1,,10:20,2,2,1,4,4,0.23046875
WX5838,dk,5,1,1,1,0,0,0,0,0,0,0,0,0,,4.857785848,5.946060549,0.136386,6.69761,7.67792,690.3359375,698.0390625,26.43164063,26.60742188,20.08789063,716.7734375,744.734375,1388.375,53.0390625,20.09765625,1461.512,0.03629054,0.036875865,0.035727399,0.949958,0.96311596,0.937299373,0.01375128,8.17E-06,0.026973229,,,,1,,10:25,2,2,0,4,4,0.005859375
WX5839,dk,5,1,1,1,0,0,0,0,0,0,0,0,0,,4.813874263,5.915935063,0.0748597,6.91851,7.45657,702.3085938,712.5019531,21.8125,22.20507813,9.51171875,724.1210938,744.21875,1414.810547,44.01757813,9.51171875,1468.341,0.02997776,0.030122724,0.029836763,0.9635439,0.969877276,0.957382427,0.006477868,0,0.01278081,,,,1,,11:40,1,1,1,4,4,0
WX5853,ag,5,1,1,1,0,0,0,0,0,0,0,0,0,,3.477333188,5.083992753,0.168856,6.58087,7.79456,677.2246094,566.03125,39.17578125,36.4140625,149.1875,716.4101563,751.6328125,1243.255859,75.58984375,149.2832031,1468.129,0.05148719,0.054683453,0.048446611,0.8468302,0.945302915,0.75306884,0.1016826,1.36E-05,0.198484549,,,,1,,12:00,2,2,1,4,4,0.009765625
WX5854,ag,5,1,1,1,0,0,0,0,0,0,0,0,0,,3.410449773,5.467440157,0.282388,6.17278,8.20248,666.7089844,641.5488281,32.34179688,30.67382813,87.57226563,699.0605469,759.7949219,1308.257813,63.015625,87.65625,1458.93,0.04319304,0.046264658,0.040371194,0.8967243,0.953721373,0.84437104,0.06008256,1.40E-05,0.115257766,,,,1,,10:20,2,2,0,4,4,0.009765625
WX5855,ag,5,1,0,,0,0,0,0,0,0,0,0,0,,,,,,,,,,,,,,,,,,,,,,,,,,,,1,,,,,2,2,0,4,4,
WX6555,mg,5,1,1,1,0,0,0,0,0,0,0,0,0,,3.275728222,5.333117765,0.389629,5.68683,8.43869,606.0878906,317.3457031,63.57617188,69.1328125,361.4628906,669.671875,747.9414063,923.4335938,132.7089844,361.6582031,1417.801,0.09360199,0.094936303,0.092430787,0.651314,0.905052031,0.424292198,0.2550839,1.17E-05,0.483277016,,,,1,,09:38,2,2,1,3,3,0.0078125
WX6556,mg,5,1,1,1,0,0,0,0,0,0,0,0,0,,3.028494307,5.11638734,0.183198,6.13185,7.36846,606.3164063,572.4492188,28.33398438,27.91015625,84.328125,634.6601563,684.6875,1178.765625,56.24414063,84.39257813,1319.403,0.04262848,0.044644341,0.04076335,0.8934086,0.955340272,0.836073711,0.0639627,1.54E-05,0.123162939,,,,1,,10:24,2,2,0,3,3,0.009765625
WX6563,mg,5,1,1,1,0,0,0,0,0,0,0,0,0,,2.976669708,4.57425862,0.0172935,6.87757,6.99755,638.0039063,627.9941406,36.03320313,30.52539063,15.1015625,674.4101563,673.6210938,1265.998047,66.55859375,15.5,1348.057,0.04937372,0.053429212,0.045315372,0.9391279,0.946017643,0.932266146,0.01149803,0.000553145,0.022418482,,,,1,,09:23,1,1,1,3,3,0.373046875
WX6564,mg,5,1,1,1,0,0,0,0,0,0,0,0,0,,3.870731656,6.360282568,0.36703,5.6134,8.13677,574.3378906,379.9238281,28.70898438,23.671875,284.2617188,603.0644531,687.8574219,954.2617188,52.38085938,284.5527344,1291.196,0.04056771,0.047605168,0.034413927,0.7390526,0.952365684,0.552329329,0.2203792,2.91E-05,0.413256744,,,,1,,09:25,2,2,0,3,3,0.017578125
WX6573,yl,5,1,1,1,0,0,0,0,0,0,0,0,0,,7.21316368,8.312669212,0.0608172,6.96909,7.40622,695.71875,657.1796875,29.54296875,30.54492188,51.47070313,725.2617188,739.1953125,1352.898438,60.08789063,51.47070313,1464.457,0.04103083,0.040734218,0.041321855,0.9238223,0.959265782,0.889047423,0.03514661,0,0.069630722,,,,1,,11:00,2,2,1,3,3,0
WX6577,yl,5,1,0,,0,0,0,0,0,0,0,0,0,,,,,,,,,,,,,,,,,,,,,,,,,,,,1,,,,,1,1,1,3,3,
WX6618,dk,5,1,0,,0,0,0,0,0,0,0,0,0,,,,,,,,,,,,,,,,,,,,,,,,,,,,2,,,,,2,2,0,3,3,
WX6619,dk,5,1,0,,0,0,0,0,0,0,0,0,0,,,,,,,,,,,,,,,,,,,,,,,,,,,,2,,,,,1,1,1,3,3,
WX6624,dk,5,1,0,,0,0,0,0,0,0,0,0,0,,,,,,,,,,,,,,,,,,,,,,,,,,,,1,,,,,1,1,0,3,3,
WX6625,dk,5,1,0,,0,0,0,0,0,0,0,0,0,,,,,,,,,,,,,,,,,,,,,,,,,,,,2,,,,,2,2,1,3,3,
WX6637,ag,5,1,1,1,0,0,0,0,0,0,0,0,0,,3.310875704,5.366060956," -0.00651827",7.21094,7.16409,672.453125,581.6015625,40.03710938,40.5703125,95.7265625,713.3652344,717.8984375,1254.054688,80.60742188,96.63671875,1431.299,0.05631767,0.056124279,0.056512607,0.8761656,0.94264914,0.810144628,0.06751679,0.001226581,0.133342765,,,,1,,10:20,1,1,0,4,4,0.875
WX6638,ag,5,1,1,1,0,0,0,0,0,0,0,0,0,,3.22303314,5.400126327,0.256858,6.26449,8.11067,677.4355469,550.6035156,30.1328125,32.359375,177.1660156,707.5820313,760.1289063,1228.039063,62.4921875,177.2675781,1467.799,0.04257544,0.04258561,0.042570904,0.8366534,0.957395068,0.72435545,0.120771,1.93E-05,0.233073646,,,,1,,09:00,1,1,1,3,3,0.013671875
WX6639,ag,5,1,1,1,0,0,0,0,0,0,0,0,0,,3.202086078,5.369294588,0.0315255,7.01269,7.23731,660.8867188,671.7226563,28.06835938,32.19921875,8.6171875,688.9570313,712.5390625,1332.609375,60.26757813,8.640625,1401.518,0.04300165,0.040740363,0.045189408,0.9508326,0.959256802,0.942716956,0.00616519,2.83E-06,0.012093635,,,,1,,10:30,1,1,0,3,3,0.001953125
WX6640,ag,5,1,1,1,0,0,0,0,0,0,0,0,0,,3.241337358,5.313550121,0.29756,6.11829,8.25705,676.84375,728.9414063,23.86328125,22.59570313,9.18359375,700.7207031,760.7207031,1405.785156,46.45898438,9.22265625,1461.467,0.03178928,0.034055339,0.029703021,0.9618999,0.96592515,0.958224751,0.006310547,1.95E-05,0.012072228,,,,1,,09:10,1,1,1,4,4,0.013671875
WX6642,ag,5,1,1,1,0,0,0,0,0,0,0,0,0,,3.515311853,5.374028166,0.109989,6.79232,7.58288,685.9082031,628.3847656,28.12304688,26.84375,86.875,714.0410156,742.1035156,1314.292969,54.96679688,86.97460938,1456.235,0.03774583,0.039385758,0.036172514,0.9025281,0.960600565,0.846761607,0.05972567,1.37E-05,0.117065879,,,,1,,11:20,2,2,0,4,4,0.009765625
WX6644,ag,5,1,1,1,0,0,0,0,0,0,0,0,0,,3.533145032,5.494874694,0.104871,6.81069,7.56446,697.0078125,652.4257813,21.61132813,20.48046875,70.78515625,718.6289063,743.6914063,1349.433594,42.09179688,70.84179688,1462.368,0.02878332,0.030073001,0.027538934,0.9227732,0.969913409,0.877280248,0.04844321,1.36E-05,0.095180818,,,,1,,09:00,2,2,1,4,4,0.009765625
WX6646,ag,5,1,0,,0,0,0,0,0,0,0,0,0,,,,,,,,,,,,,,,,,,,,,,,,,,,,1,,,,,1,1,0,4,4,
WX6649,ag,5,1,0,,0,0,0,0,0,0,0,0,0,,,,,,,,,,,,,,,,,,,,,,,,,,,,1,,,,,2,2,0,3,3,
