enro_animal_id,redcap_data_access_group,enro_model,enro_sex,rand_conduct,rand_conduct_rsn,rand_conduct_rsn_oth,rand_clot_length,txas_reperfusion,srg_conduct,srg_conduct_rsn,srg_conduct_rsn_oth,srg_comments___1,srg_comments___2,srg_comments___3,srg_comments___4,srg_comments___5,srg_comments___6,srg_comments___7,srg_comments___8,srg_comments___9,srg_exact_occ,srg_animal_age,srg_length_surgery,srg_awake_min,srg_concom_meds_lrs_nacl,srg_concom_meds_sq,eos_day_diff_srg_death,enro_weight,srg_weight,eos_weight,postop_d1_weight,postop_d2_weight,postop_d3_weight,postop_d4_weight,postop_d5_weight,postop_d6_weight,postop_d7_weight,postop_d8_weight,srg_nds_score,postop_d1_nds_score,postop_d2_nds_score,eos_nds_score,bank_tissue_type___1,bank_tissue_type___2,bank_tissue_type___3,bank_tissue_type___4,bank_tissue_type___6,bank_tissue_type___5,srg_clot_length,srg_embolic_draw_sex,srg_donor_eartag,behav_d30_conduct,rand_reperfusion_dose,srg_reperfsn_dose,srg_embolic_draw_dt,srg_actual_surg_dt,srg_reperfsn_vial,txas_reperfusion_actual,rand_reperfusion_vial,txas_pop_assg_comment
BB0325,yl,5,0,1,,,4,1,1,,,0,0,0,0,0,0,0,0,0,126,2.3,172,109,1,1,45,214,233,292,233,220,227,232,,,,,1,0,0,0,1,0,0,0,0,0,4,0,GF5977,1,0.214,0.214,2025-06-17,2025-06-24,"TNK D",1,"TNK D",
BB0326,yl,5,0,1,,,4,2,1,,,0,0,0,0,0,0,0,0,0,128,3.02,191,108,1,1,41,271,272,312,243,237,,,,,,,2,2,1,0,1,0,0,0,0,0,4,1,RV9579,1,0.27,0.27,2025-07-07,2025-07-23,"TNK G",2,"TNK G",
BB0327,yl,5,0,1,,,4,1,1,,,0,0,0,0,0,0,0,0,0,128,2.89,172,103,1,1,0,250,255,255,,,,,,,,,2,,,,0,0,0,0,0,0,4,0,GF5977,0,0.25,0.25,2025-06-17,2025-07-09,"TNK D",1,"TNK D",
BB0332,yl,5,1,1,,,4,1,1,,,0,0,0,0,0,0,0,0,0,120,2.56,179,103,1,1,0,378,424,424,,,,,,,,,1,,,,0,0,0,0,0,0,4,1,RV9579,0,0.38,0.38,2025-07-07,2025-07-16,"TNK H",1,"TNK H",
BB0333,yl,5,0,1,,,4,2,1,,,0,0,0,0,0,0,0,0,0,134,2.56,176,110,1,1,41,254,260,336,269,265,,,,,,,0,1,0,0,1,0,0,0,0,0,4,1,RV9579,1,0.25,0.25,2025-07-07,2025-07-16,"TNK G",2,"TNK G",
BM4063,mg,5,1,1,,,4,1,1,,,0,0,0,0,0,0,0,0,0,120,2.43,153,105,1,1,31,267,349,386,333,334,322,,,338,,339,2,2,1,0,1,0,0,0,0,0,4,1,BM4046,1,0.31,0.31,2025-06-23,2025-07-01,"TNK C",1,"TNK C",
BM4064,mg,5,0,1,,,4,2,1,,,0,0,0,0,0,0,1,0,0,,2.2,,,1,1,0,190,214,214,,,,,,,,,,,,,0,0,0,0,0,0,4,0,RF6266,0,0.19,,2025-06-23,2025-06-24,,2,"TNK G","received the clot"
BM4079,mg,5,0,1,,,4,1,1,,,0,0,0,0,0,0,0,0,0,121,2.46,144,107,1,1,30,182,223,254,217,216,220,,224,,224,,2,1,1,0,1,0,0,0,0,0,4,0,RF6266,1,0.22,0.22,2025-06-23,2025-07-02,"TNK H",1,"TNK H",
BW4831,sd,5,0,1,,,4,2,1,,,0,0,0,0,1,0,0,0,0,,2.43,23,,0,1,0,208.2,228.3,228.3,,,,,,,,,,,,,0,0,0,0,0,0,,0,LJ5491,0,0.21,,2025-07-08,2025-07-22,,2,"TNK G","no clot administered"
BW4832,sd,5,0,1,,,3,2,1,,,0,0,0,0,0,0,0,0,0,120,2.46,158,96,1,1,22,223.8,247,,222.8,232,,,243.1,237.2,258.2,250.6,1,1,1,,0,0,0,0,0,0,3,0,QQ3122,0,0.22,0.22,2025-08-04,2025-08-13,"TNK G",2,"TNK G","euthanized early by accident."
BW4847,sd,5,0,1,,,3,2,1,,,0,0,0,0,0,0,0,0,0,120,2.43,156,106,1,1,35,190.9,209.6,246,197.3,194.6,201.6,,,211.8,208.6,206.9,1,1,1,1,1,1,1,1,0,1,3,0,QQ3122,1,0.19,0.19,2025-08-04,2025-08-05,"TNK G",2,"TNK G",
BW4848,sd,5,0,1,,,3,2,1,,,0,0,0,0,0,0,0,0,0,120,2.43,159,95,1,1,37,205.4,228,274.5,210.2,200.3,192.3,,,236.7,243.6,241.0,2,3,2,2,1,1,1,1,0,1,3,0,"LJ 5491",1,0.21,0.2,2025-07-08,2025-07-29,"TNK G",2,"TNK G",
BW4849,sd,5,1,1,,,4,2,1,,,0,0,0,0,0,0,0,0,1,121,1.74,246,98,1,1,31,139.1,209.6,255.3,169.2,156.8,150.2,,,151.2,149.4,154.4,1,3,2,3,1,1,1,1,0,1,3,1,VV5900,1,0.14,0.14,2025-06-23,2025-07-22,"TNK G",2,"TNK G",
BW5451,iw,5,0,1,,,4,2,1,,,0,0,0,0,0,0,0,0,0,120,2.96,149,102,1,1,30,264,273,291,252,253,257,264,,268,,,2,2,2,1,1,0,0,0,0,0,4,0,HC8332,1,0.264,0.264,2025-06-23,2025-06-25,"TNK G",2,"TNK G",
BW5452,iw,5,1,1,,,4,2,1,,,0,0,0,0,0,0,0,0,0,120,2.89,152,113,1,1,31,297,337,463,320,322,321,325,337,340,345,,1,1,1,0,1,0,0,0,0,0,4,1,WS4353,1,0.3,0.3,2025-06-29,2025-06-30,"TNK G",2,"TNK G",
BW5453,iw,5,0,0,3,"aNIMAL WILL BE USED FOR cLOT PREPRATION ON 06.23.25",,,,,,0,0,0,0,0,0,0,0,0,,,,,,,,258,,,,,,,,,,,,,,,0,0,0,0,0,0,,,,,,,,,,,,"aNIMAL WILL BE USED FOR cLOT PREPRATION ON 06.23.25"
BW5454,iw,5,0,1,,,4,1,1,,,0,0,0,0,0,0,0,0,0,120,2.92,160,106,1,1,1,263,276,252,252,,,,,,,,1,2,,,0,0,0,0,0,0,4,0,BW5453,0,0.26,0.26,2025-07-14,2025-07-15,"TNK H",1,"TNK H",
BW5455,iw,5,1,1,,,4,1,1,,,0,0,0,0,0,0,0,0,0,120,2.23,150,106,1,1,31,291,349,477,314,319,304,320,339,342,355,,1,1,1,1,1,0,0,0,0,0,4,1,RR0052,1,0.29,0.29,2025-07-21,2025-07-22,"TNK H",1,"TNK H",
BW5456,iw,5,1,0,3,"Animal will be used for Clot prepration",,,,,,0,0,0,0,0,0,0,0,0,,,,,,,,254,,,,,,,,,,,,,,,0,0,0,0,0,0,,,,,,,,,,,,"Animal will be used for Clot prepration"
BW5457,iw,5,1,1,,,4,1,1,,,0,0,0,0,0,0,0,0,1,120,2.1,144,104,1,1,30,253,352,446,312,308,315,325,,,341,,2,2,0,0,1,0,0,0,0,0,4,1,BW5456,1,0.3,0.3,2025-07-28,2025-07-29,"TNK D",1,"TNK D",
BW5458,iw,5,1,0,3,"Animal will be used for Clot prepration",,,,,,0,0,0,0,0,0,0,0,0,,,,,,,,280,,,,,,,,,,,,,,,0,0,0,0,0,0,,,,,,,,,,,,"Animal will be used for Clot prepration"
BW5459,iw,5,0,1,,,3,2,1,,,0,0,0,0,0,0,0,0,0,120,3.06,147,104,1,1,30,250,258,307,240,250,255,259,268,265,,,2,1,2,0,1,0,0,0,0,0,3,0,WS4359,1,0.26,0.26,2025-08-04,2025-08-06,"TNK G",2,"TNK G",
BW5460,iw,5,0,1,,,3,2,1,,,1,0,0,0,1,0,0,0,0,,3.06,,,,,0,227,240,240,,,,,,,,,,,,,0,0,0,0,0,0,,,,0,0.23,,,2025-08-13,,2,"TNK G",
BW5461,iw,5,0,1,,,3,1,1,,,0,0,0,0,0,0,0,0,1,120,2.96,153,105,1,1,30,240,245,264,237,231,241,238,240,,,250,2,1,2,0,1,0,0,0,0,0,3,0,WS4359,1,0.24,0.24,2025-08-16,2025-08-17,"TNK C",1,"TNK C",
BW5692,sd,5,0,1,,,4,2,1,,,0,0,0,0,0,0,0,0,0,120,2.63,182,83,1,1,33,226,246,258,213.7,224,,,223.6,224.1,222.8,222,1,2,1,1,1,1,1,1,0,1,4,0,LJ5491,1,0.226,0.23,2025-06-20,2025-06-25,"TNK G",2,"TNK G",
BW5693,sd,5,1,1,,,4,1,1,,,0,0,0,0,0,0,0,0,0,121,2.6,177,85,1,1,34,391.5,410,519,362.3,231.3,371.2,,,391.6,396,404,2,1,1,0,1,1,1,1,0,1,4,1,VV5900,1,0.39,0.4,2025-06-23,2025-07-01,"TNK F",1,"TNK F",
BW5694,sd,5,0,1,,,4,2,1,,,0,0,0,0,0,0,0,0,0,120,2.6,171,86,1,1,0,234.2,252,,,,,,,,,,3,,,,0,0,0,0,0,0,4,0,"LJ 5491",0,0.23,0.23,2025-07-06,2025-07-08,"TNK G",2,"TNK G",
BW5704,sd,5,0,1,,,4,1,1,,,0,0,0,0,0,0,0,0,0,123,2.63,163,88,1,1,2,237.94,246.4,,229.7,224,,,,,,,1,3,3,,0,0,0,0,0,0,4,0,"LJ 5491",0,0.24,0.24,2025-07-08,2025-07-16,"TNK F",1,"TNK F",
BW5706,sd,5,1,1,,,4,1,1,,,0,0,0,0,1,0,0,0,1,,2.63,,,1,1,0,341,411,411,,,,,,,,,,,,,0,0,0,0,0,0,,1,VV5900,0,0.341,,2025-06-23,2025-06-25,,1,"TNK H","no clot injected"
CC9890,dk,5,0,1,,,4,2,1,,,0,0,0,0,0,0,0,0,0,120,2.96,30,112,1,1,1,248.0,281,236.7,,,,,,,,,2,,,,0,0,0,0,0,0,4,0,RV6523,0,0.25,0.25,2025-07-21,2025-07-23,"TNK G",2,"TNK G",
CC9891,dk,5,1,1,,,4,2,1,,,0,0,0,0,0,0,0,0,0,120,2.14,40,,1,1,30,261.4,332,441.5,327,334.5,342.4,,348,,350.1,,2,2,2,1,1,0,0,0,1,0,4,1,RV6522,1,0.26,0.26,2025-07-21,2025-07-23,"TNK G",2,"TNK G",
CC9892,dk,5,0,1,,,4,2,1,,,0,0,0,0,0,0,0,0,0,120,2.96,31,,1,1,30,254.2,266,291.3,242.2,229.7,228.6,,251.3,,262,,2,2,2,2,1,0,0,0,1,0,4,0,RV6523,1,0.25,0.25,2025-07-14,2025-07-16,"TNK G",2,"TNK G",
CC9893,dk,5,1,1,,,4,1,1,,,0,0,0,0,0,0,0,0,0,120,2.1,36,,1,1,31,267.9,345,453.1,327.9,350.8,349.2,,357.9,,372,,2,2,2,1,1,0,0,0,1,0,4,1,RV6522,1,0.27,0.27,2025-07-14,2025-07-15,"TNK D",1,"TNK D",
CC9894,dk,5,0,1,,,4,1,1,,,0,0,0,0,0,0,0,0,0,120,2.96,143,105,1,1,2,263.8,289,253,253.8,,,,,,,,2,2,,,0,0,0,0,0,0,4,0,RV6523,0,0.26,0.26,2025-07-07,2025-07-09,"TNK F",1,"TNK F",
CC9895,dk,5,1,1,,,4,1,1,,,0,0,0,0,0,0,0,0,0,120,2.14,137,108,1,1,2,241.7,297,256.7,270,256.7,,,,,,,2,2,2,,0,0,0,0,0,0,4,1,RV6522,0,0.24,0.24,2025-07-07,2025-07-09,"TNK H",1,"TNK H",
CC9916,ag,5,1,1,,,4,1,1,,,0,0,0,0,0,0,0,0,0,122,2.92,145,114,1,1,2,358,389,391,390,391,,,,,,,2,3,3,,0,0,0,0,0,0,4,1,WX5852,0,0.358,0.358,2025-06-18,2025-06-24,"TNK H",1,"TNK H",
CC9917,ag,5,1,1,,,4,2,1,,,0,0,0,0,0,0,0,0,0,120,3.12,159,115,1,1,30,371,444,393,425,366,300,,,,305,309,2,2,2,2,1,0,0,0,0,0,4,1,WX5852,1,0.38,0.38,2025-06-18,2025-06-30,"TNK G",2,"TNK G",
CC9918,ag,5,0,1,,,4,1,1,,,0,0,0,0,0,0,0,0,0,120,3.19,149,113,1,1,29,211,252,257,252,235,200,,,185,182,,2,2,2,2,1,0,0,0,0,0,4,0,RV6544,1,0.22,0.22,2025-06-18,2025-07-01,"TNK F",1,"TNK F",
CC9919,ag,5,0,1,,,4,2,1,,,0,0,0,0,0,0,0,0,0,120,2.96,150,115,1,1,1,211,225,,,,,,,,,,2,,,,0,0,0,0,0,0,4,0,RV6544,0,0.211,0.211,2025-06-18,2025-06-24,"TNK G",2,"TNK G",
CD0516,yl,5,0,1,,,3,1,1,,,0,0,0,0,0,0,0,0,0,120,2.96,171,95,1,1,34,251,259,283,257,250,,,,,,,0,0,0,0,1,0,0,0,0,0,3,0,LJ5664,1,0.25,0.25,2025-07-28,2025-08-13,"TNK D",1,"TNK D",
CD0517,yl,5,1,1,,,3,2,1,,,0,0,0,0,0,0,0,0,0,120,2.92,171,98,1,1,42,416,448,586,433,430,,,,,,,0,1,1,0,1,0,0,0,0,0,3,0,LJ5664,1,0.42,0.42,2025-07-28,2025-08-12,"TNK G",2,"TNK G",
CD0523,yl,5,0,1,,,3,2,1,,,0,0,0,0,0,0,0,0,0,121,2.69,173,106,1,1,35,205,216,227,212,211,208,,,,,,1,1,1,0,1,0,0,0,0,0,3,0,LJ5664,1,0.21,0.21,2025-07-28,2025-08-19,"TNK G",2,"TNK G",
CD0698,dk,5,0,1,,,3,1,1,,,0,0,0,0,0,0,0,0,0,120,2.92,35,,1,1,31,250.1,272,307,257,274.1,264.4,,272.3,,270.6,,2,2,2,2,1,0,0,0,1,0,3,0,MN4914,1,0.25,0.25,2025-08-04,2025-08-05,"TNK D",1,"TNK D",
CD0699,dk,5,1,1,,,3,1,1,,,0,0,0,0,0,0,0,0,0,120,2.1,34,,1,1,31,266.8,339,480,324.3,331.6,335.1,,350.7,,366.9,,2,2,2,2,1,0,0,0,1,0,3,1,MN4915,1,0.27,0.27,2025-08-04,2025-08-05,"TNK H",1,"TNK H",
CD0700,dk,5,1,1,,,3,2,1,,,0,0,0,0,0,0,0,0,0,120,2.33,45,110,1,1,12,307.4,339,185,293.1,276.4,265.8,,237.5,,225.6,,2,2,2,,0,0,0,0,0,0,3,1,MN4915,0,0.31,0.31,2025-08-18,2025-08-19,"TNK G",2,"TNK G",
CD0701,dk,5,0,1,,,3,2,1,,,0,0,0,0,0,0,0,0,0,120,3.19,49,109,1,1,30,288.2,321,334,305.1,308.6,308,,307.9,,312.5,,2,2,1,0,1,0,0,0,1,0,3,0,MN4914,1,0.29,0.29,2025-08-18,2025-08-20,"TNK G",2,"TNK G",
CD0710,ag,5,1,1,,,4,1,1,,,0,0,0,0,0,0,0,0,0,120,3.12,138,111,1,1,32,472,495,588,491,487,496,,,510,512,,2,2,2,0,1,0,0,0,0,0,4,1,WX5852,1,0.47,0.47,2025-07-17,2025-07-21,"TNK D",1,"TNK D",
CD0711,ag,5,1,1,,,3,1,1,,,0,0,0,0,0,0,0,0,0,120,2.89,145,114,1,1,30,372,409,500,400,386,383,382,,,387,,2,2,2,2,1,0,0,0,0,0,3,1,WX5852,1,0.37,0.37,2025-07-17,2025-08-04,"TNK D",1,"TNK D",
CD0712,ag,5,1,1,,,3,2,1,,,0,0,0,0,0,0,0,0,0,120,3.09,155,114,1,1,1,412,472,,,,,,,,,,2,,,,0,0,0,0,0,0,3,1,WX5852,0,0.42,0.42,2025-07-17,2025-08-10,"TNK G",2,"TNK G",
CD0713,ag,5,0,1,,,3,2,1,,,0,0,0,0,0,0,0,0,0,120,3.25,154,113,1,1,30,210,221,279,212,202,218,222,,,223,,2,2,2,2,1,0,0,0,0,0,3,0,RV6544,1,0.24,0.24,2025-07-17,2025-08-18,"TNK G",2,"TNK G",
CD0729,ag,5,1,1,,,3,2,1,,,0,0,0,0,0,0,0,0,0,120,3.38,150,114,1,1,30,500,530,612,516,510,514,,,515,520,,1,1,1,0,1,0,0,0,0,0,3,1,WX5852,1,0.5,0.5,2025-07-17,2025-07-29,"TNK G",2,"TNK G",
GF5961,yl,5,1,1,,,4,2,1,,,0,0,0,0,0,0,0,0,0,120,2.33,163,102,1,1,44,244,286,464,265,278,286,,,,,,1,0,0,1,1,0,0,0,0,0,4,0,GF5977,1,0.244,0.244,2025-06-17,2025-06-25,"TNK G",2,"TNK G",
GF5962,yl,5,1,1,,,4,1,1,,,0,0,0,0,0,0,0,0,0,131,2.89,173,112,1,1,0,384,421,421,,,,,,,,,2,,,,0,0,0,0,0,0,4,0,GF5977,0,0.38,0.38,2025-06-17,2025-07-09,"TNK D",1,"TNK D",
GF5963,yl,5,1,1,,,4,1,1,,,0,0,0,0,0,0,0,0,0,124,2.76,169,107,1,1,35,372,450,574,437,430,,,,,,,2,1,1,0,1,0,0,0,0,0,4,1,RV9579,1,0.37,0.37,2025-07-07,2025-07-22,"TNK H",1,"TNK H",
GF5964,yl,5,0,1,,,4,1,1,,,0,0,0,0,0,0,0,0,0,127,3.02,178,103,1,1,41,299,299,329,292,295,,,,,,,1,1,0,0,1,0,0,0,0,0,4,1,Rv9579,1,0.3,0.33,2025-07-07,2025-07-23,"TNK G",2,"TNK C or D","Received wrong reperfusion vial. Saline was administered instead of TNKase as assigned."
GF5974,yl,5,0,1,,,4,2,1,,,0,0,0,0,0,0,0,0,0,121,3.02,168,93,1,1,34,260,259,278,359,355,,,,,,,0,0,0,0,1,0,0,0,0,0,4,1,RV9579,1,0.26,0.26,2025-07-28,2025-07-30,"TNK G",2,"TNK G",
GF5975,yl,5,0,1,,,4,1,1,,,0,0,0,0,0,0,0,0,0,119,2.53,165,95,1,1,42,269,275,339,265,267,260,,,,,,0,1,1,1,1,0,0,0,0,0,4,0,LJ5664,1,0.27,0.27,2025-07-08,2025-07-15,"TNK D",1,"TNK D",
GF5976,yl,5,0,1,,,4,2,1,,,0,0,0,0,0,0,0,0,0,126,2.86,163,110,1,1,2,236,241,,211,,,,,,,,2,0,,,0,0,0,0,0,0,4,0,GF5977,0,0.24,0.24,2025-06-17,2025-07-08,"TNK G",2,"TNK G",
GF5977,yl,5,0,0,3,"This is a donor animal",,,,,,0,0,0,0,0,0,0,0,0,,,,,,,,234,,,,,,,,,,,,,,,0,0,0,0,0,0,,,,,,,,,,,,"This is a donor animal"
GF6014,yl,5,1,1,,,3,1,1,,,0,0,0,0,0,0,0,0,0,124,2.73,181,108,1,1,41,353,396,531,382,374,,,,,,,2,1,2,2,1,0,0,0,0,0,3,0,LJ5664,1,0.35,0.35,2025-07-28,2025-08-06,"TNK D",1,"TNK D",
GF6015,yl,5,0,1,,,3,1,1,,,0,0,0,0,0,0,0,0,0,125,2.69,167,111,1,1,0,230,239,239,,,,,,,,,1,,,,0,0,0,0,0,0,3,0,LJ5664,0,0.23,0.23,2025-07-28,2025-08-05,"TNK H",1,"TNK H",
GT2260,mg,5,0,1,,,4,2,1,,,0,0,0,0,0,0,0,0,0,120,2.46,143,106,1,1,30,176,200,225,207,206,207,,209,,212,,1,1,0,0,1,0,0,0,0,0,4,0,RF6266,1,0.19,0.19,2025-06-23,2025-07-02,"TNK G",2,"TNK G",
GT2266,mg,5,0,1,,,4,1,1,,,0,0,0,0,0,0,0,1,0,131,2.23,152,112,1,1,0,196,216,216,,,,,,,,,2,,,,0,0,0,0,0,0,4,0,RF6266,0,0.196,0.2,2025-06-23,2025-06-25,"TNK F",1,"TNK F",
GT2279,mg,5,1,1,,,4,2,1,,,0,0,0,0,0,0,0,0,0,119,2.2,146,100,1,1,38,261,301,401,283,286,290,,309,,318,,2,1,1,1,1,0,0,0,0,0,4,1,BM4046,1,0.261,0.26,2025-06-23,2025-06-24,"TNK G",2,"TNK G",
HC7836,sd,5,0,0,3,"enrolled by accident after the randomization table was complete",,,,,,0,0,0,0,0,0,0,0,0,,,,,,,,238.7,,,,,,,,,,,,,,,0,0,0,0,0,0,,,,,,,,,,,,"enrolled by accident after the randomization table was complete"
HC7837,sd,5,1,1,,,3,2,1,,,0,0,0,0,0,0,0,0,0,120,2.2,159,97,1,1,2,257.8,315.3,271.5,274.8,271.5,,,,,,,1,2,2,,0,0,0,0,0,0,3,1,VV5900,0,0.26,0.24,2025-07-25,2025-08-05,"TNK G",2,"TNK G",
HC7838,sd,5,1,1,,,3,1,1,,,0,0,0,0,0,0,0,0,0,120,2,162,97,1,1,36,188.4,273.5,386,252.3,238,,,256.6,267.3,269.8,277.2,2,0,0,2,1,1,1,1,0,1,3,1,VV5900,1,0.19,0.19,2025-07-25,2025-07-30,"TNK D",1,"TNK D",
HC7842,sd,5,0,1,,,4,1,1,,,0,0,0,0,0,0,0,0,0,120,2.46,164,92,1,1,2,197.6,220.5,,201.7,,,,,,,,3,3,,,0,0,0,0,0,0,4,0,"LJ 5491",0,0.2,0.2,2025-07-08,2025-07-23,"TNK D",1,"TNK D",
HC7843,sd,5,1,1,,,3,1,1,,,0,0,0,0,0,0,0,1,1,120,2.23,153,100,1,1,0,244.2,316,316,,,,,,,,,2,,,,0,0,0,0,0,0,3,1,VV5900,0,0.24,0.24,2025-07-25,2025-08-13,"TNK D",1,"TNK D",
HC7875,sd,5,1,1,,,4,1,1,,,0,0,0,0,0,0,0,0,0,141,2.63,199,93,1,1,1,396,425,,,,,,,,,,3,,,,0,0,0,0,0,0,4,1,VV5900,0,0.4,0.4,2025-06-23,2025-07-16,"TNK D",1,"TNK D",
HC7876,sd,5,0,1,,,4,1,1,,,0,0,0,1,0,0,0,0,0,120,2.6,173,79,1,1,34,214.8,230,273.4,215.4,210.3,208.3,,,226.5,233.6,230.4,1,0,0,1,1,1,1,1,0,1,4,0,"LJ 5491",1,0.21,0.21,2025-06-20,2025-07-01,"TNK C",1,"TNK C",
HC7882,sd,5,0,1,,,4,2,1,,,0,0,0,0,0,0,0,0,0,124,2.63,215,100,1,1,1,254,246,,,,,,,,,,1,,,,0,0,0,0,0,0,4,0,LJ5491,0,0.254,0.26,2025-06-20,2025-06-25,"TNK G",2,"TNK G",
HC7883,sd,5,0,1,,,4,1,1,,,0,0,0,0,0,0,1,0,0,,2.66,113,,1,1,0,198.5,234,,,,,,,,,,,,,,0,0,0,0,0,0,4,0,"LJ 5491",0,0.2,,2025-06-20,2025-07-10,,1,"TNK C or D","received the clot"
HC7884,sd,5,0,1,,,4,2,1,,,0,0,0,0,0,0,0,0,0,120,2.63,163,94,1,1,5,212.92,216.2,,190.3,180.7,,,,,,,2,2,2,,0,0,0,0,0,0,4,0,"LJ 5491",0,0.21,0.21,2025-07-08,2025-07-16,"TNK G",2,"TNK G",
HC8331,iw,5,1,1,,,4,1,1,,,0,0,0,0,0,0,0,0,0,120,2.23,157,106,1,1,2,301,363,333,344,,,,,,,,2,0,,,0,0,0,0,0,0,4,1,RR0052,0,0.301,0.301,2025-06-23,2025-06-24,"TNK C",1,"TNK C",
HC8332,iw,5,0,0,3,"aNIMAL WILL BE USED FOR cLOT PREPRATION ON 06.23.25",,,,,,0,0,0,0,0,0,0,0,0,,,,,,,,285,,,,,,,,,,,,,,,0,0,0,0,0,0,,,,,,,,,,,,"aNIMAL WILL BE USED FOR cLOT PREPRATION ON 06.23.25"
HC8333,iw,5,1,1,,,4,2,1,,,0,0,0,0,0,0,0,0,0,120,2.92,158,106,1,1,1,297,338,306,,,,,,,,,2,,,,0,0,0,0,0,0,4,1,WS4353,0,0.3,0.3,2025-06-29,2025-07-01,"TNK G",2,"TNK G",
HC8334,iw,5,1,1,,,4,2,1,,,0,0,0,0,0,0,0,0,0,120,2.23,152,104,1,1,1,265,351,308,,,,,,,,,2,,,,0,0,0,0,0,0,4,1,WS4353,0,0.27,0.27,2025-07-14,2025-07-15,"TNK G",2,"TNK G",
HC8335,iw,5,0,1,,,4,2,1,,,0,0,0,0,0,0,0,0,0,120,2.96,142,102,1,1,29,236,251,246,230,210,206,202,201,198,198,,2,2,2,2,1,0,0,0,0,0,4,0,BW5453,1,0.24,0.24,2025-07-14,2025-07-16,"TNK G",2,"TNK G",
HC8336,iw,5,0,1,,,4,2,1,,,0,0,0,0,0,0,0,0,0,120,2.96,155,106,1,1,30,261,277,289,257,252,256,259,263,260,,,1,0,0,0,1,0,0,0,0,0,4,0,HC8332,1,0.26,0.26,2025-07-21,2025-07-23,"TNK G",2,"TNK G",
HC8337,iw,5,0,1,,,4,2,1,,,0,0,0,0,0,0,0,0,0,120,3.02,152,105,1,1,30,236,257,285,243,249,247,256,,253,,,2,2,2,0,1,0,0,0,0,0,4,0,WS4357,1,0.25,0.25,2025-07-28,2025-07-29,"TNK G",2,"TNK G",
HC8338,iw,5,1,1,,,3,1,1,,,0,0,0,0,0,0,0,0,0,120,2.1,155,106,1,1,31,264,360,480,333,333,337,339,354,360,355,,2,2,2,0,1,0,0,0,0,0,3,1,BW5458,1,0.3,0.3,2025-08-04,2025-08-05,"TNK D",1,"TNK D",
HC8339,iw,5,0,1,,,3,1,1,,,0,0,0,0,0,0,0,0,0,120,3.02,154,104,1,1,31,260,282,321,280,285,290,292,293,299,289,,2,2,2,1,1,0,0,0,0,0,3,0,WS4359,1,0.27,0.27,2025-08-04,2025-08-05,"TNK D",1,"TNK D",
HC8340,iw,5,1,1,,,3,2,1,,,0,0,0,0,0,0,0,0,0,120,2.14,165,46,1,1,29,301,368,464,326,340,342,344,,349,,,0,0,0,0,1,0,0,0,0,0,3,1,BW5456,1,0.3,0.3,2025-08-11,2025-08-13,"TNK G",2,"TNK G",
HC8341,iw,5,1,1,,,3,2,1,,,0,0,0,0,0,0,0,0,0,120,2.04,141,105,1,1,30,268,320,430,282,274,264,252,262,,,298,2,2,2,1,1,0,0,0,0,0,3,1,BW5458,1,0.27,0.27,2025-08-16,2025-08-17,"TNK G",2,"TNK G",
HG1234,mg,5,0,1,,,3,1,1,,,0,0,0,0,0,0,0,0,0,120,2.46,150,108,1,1,30,192,200,233,203,201,202,,207,,211,,2,1,1,0,1,0,0,0,0,0,3,0,RF6270,1,0.19,0.19,2025-08-07,2025-08-13,"TNK H",1,"TNK H",
HG1239,mg,5,0,1,,,3,2,1,,,0,0,0,0,0,0,0,0,0,120,2.66,141,106,1,1,34,188,214,240,210,210,211,,219,,218,,1,0,0,0,1,0,0,0,0,0,3,0,RF6270,1,0.21,0.21,2025-08-07,2025-08-19,"TNK G",2,"TNK G",
HG1246,mg,5,1,1,,,3,2,1,,,0,0,0,0,0,0,0,0,0,120,2.46,145,106,1,1,30,272,296,325,271,255,256,,258,,263,,1,2,2,1,1,0,0,0,0,0,3,1,LW7383,1,0.27,0.27,2025-08-07,2025-08-13,"TNK G",2,"TNK G",
HG1254,yl,5,0,1,,,3,1,1,,,0,0,0,0,0,0,0,0,0,122,2.96,182,110,1,1,34,252,261,289,257,243,,,,,,,1,1,1,0,1,0,0,0,0,0,3.2,0,LJ5664,1,0.25,0.25,2025-07-28,2025-08-13,"TNK H",1,"TNK H",
HG1265,yl,5,1,1,,,3,2,1,,,0,0,0,0,0,0,0,0,0,122,2.92,166,95,1,1,35,480,530,673,512,507,499,,,,,,0,0,1,0,1,0,0,0,0,0,3,0,LJ5664,1,0.49,0.49,2025-07-28,2025-08-19,"TNK G",2,"TNK G",
HG1268,yl,5,0,1,,,3,2,1,,,0,0,0,0,0,0,0,0,0,122,2.73,163,106,1,1,34,253,265,247,268,260,,,,,,,1,1,1,0,1,0,0,0,0,0,3,0,LJ5664,1,0.26,0.26,2025-07-28,2025-08-20,"TNK G",2,"TNK G",
HG1330,dk,5,0,1,,,3,1,1,,,0,0,0,0,0,0,0,0,0,120,2.96,33,,1,1,30,244.0,296,336,292.3,304,290.1,,303.4,,298.2,,2,2,1,1,1,0,0,0,1,0,3,0,MN4914,1,0.24,0.24,2025-07-28,2025-07-30,"TNK D",1,"TNK D",
HG1331,dk,5,1,1,,,3,1,1,,,0,0,0,0,0,0,0,0,0,120,2.1,32,,1,1,31,263.4,314,440,313.9,316.1,310.8,,322.7,,332.2,,2,0,0,0,1,0,0,0,1,0,3,1,MN4915,1,0.26,0.26,2025-07-28,2025-07-29,"TNK D",1,"TNK D",
HG1334,dk,5,0,1,,,3,2,1,,,0,0,0,0,0,0,0,0,0,120,3.42,42,,1,1,30,265.4,277,290,272.7,271.8,276.8,,280.2,,279.9,,2,2,2,1,1,0,0,0,1,0,3,0,MN4914,1,0.29,0.29,2025-08-11,2025-08-13,"TNK G",2,"TNK G",
HG1335,dk,5,1,1,,,3,1,1,,,0,0,0,0,0,0,0,0,0,120,2.56,34,,1,1,31,334.3,440,569,439.3,443,443,,441.8,,443.2,,2,2,2,0,1,0,0,0,1,0,3,1,MN4915,1,0.39,0.39,2025-08-11,2025-08-12,"TNK D",1,"TNK D",
HG1340,dk,5,1,1,,,3,2,1,,,0,0,0,0,0,0,0,0,0,120,2.33,52,,1,1,31,330.00,381,461,372.7,371.1,361.3,,366.2,,375.1,,2,1,1,1,1,0,0,0,1,0,3,1,MN4915,1,0.33,0.33,2025-08-18,2025-08-19,"TNK G",2,"TNK G",
HG1341,ag,5,1,1,,,4,1,1,,,0,0,0,0,0,0,0,0,0,120,3.35,145,110,1,1,2,460,493,,470,,,,,,,,2,2,,,0,0,0,0,0,0,4,1,WX5852,0,0.46,0.46,2025-06-18,2025-07-07,"TNK F",1,"TNK F",
HG1342,dk,5,0,1,,,3,1,1,,,0,0,0,0,0,0,0,0,0,120,3.15,48,,1,1,31,268.6,289,315,266.1,254.6,246.7,,261.4,,282.9,,2,2,2,2,1,0,0,0,1,0,3,0,MN4914,1,0.27,0.27,2025-08-18,2025-08-19,"TNK D",1,"TNK D",
HG1354,ag,5,1,1,,,3,1,1,,,0,0,0,0,0,0,0,0,0,120,3.35,150,111,1,1,31,451,530,591,535,538,536,539,,,541,,2,1,1,2,1,0,0,0,0,0,3,1,WX5852,1,0.49,0.49,2025-07-17,2025-07-28,"TNK F",1,"TNK F",
HG1360,ag,5,0,1,,,4,1,1,,,0,0,0,0,0,0,0,0,0,120,3.38,145,110,1,1,32,283,282,280,270,265,252,256,,,235,,2,2,2,2,1,0,0,0,0,0,4,0,RV6544,1,0.28,0.28,2025-06-18,2025-07-07,"TNK D",1,"TNK D",
HG1361,ag,5,1,1,,,4,1,1,,,0,0,0,0,0,0,1,0,0,,2.89,22,,1,1,0,423,430,466,,,,,,,,,,,,,0,0,0,0,0,0,4,1,WX5852,0,0.42,,2025-06-18,2025-07-14,,1,"TNK C or D","received the clot"
HG1362,ag,5,0,1,,,4,1,1,,,0,0,0,0,0,0,0,0,0,120,3.15,142,112,1,1,1,243,255,223,,,,,,,,,2,,,,0,0,0,0,0,0,4,0,RV6544,0,0.26,0.26,2025-07-17,2025-07-22,"TNK H",1,"TNK H",
HG1365,ag,5,1,1,,,3,2,1,,,0,0,0,0,0,0,0,0,0,120,2.89,142,113,1,1,30,391,439,527,425,430,430,425,,,429,,2,2,2,2,1,0,0,0,0,0,3,1,WX5852,1,0.39,0.39,2025-07-17,2025-08-04,"TNK G",2,"TNK G",
HG1366,ag,5,1,1,,,3,1,1,,,0,0,0,0,0,0,0,0,0,120,3.25,145,112,1,1,30,352,392,501,400,405,410,415,,,424,,2,2,2,2,1,0,0,0,0,0,3,1,WX5852,1,0.38,0.38,2025-07-17,2025-08-18,"TNK H",1,"TNK H",
HG1367,ag,5,0,1,,,3,1,1,,,0,0,0,0,0,0,0,0,0,120,3.19,146,113,1,1,2,255,265,,255,,,,,,,,2,3,,,0,0,0,0,0,0,3,0,RV6544,0,0.26,0.26,2025-07-17,2025-08-13,"TNK H",1,"TNK H",
HG1432,dk,5,0,1,,,4,1,1,,,0,0,0,0,0,0,0,0,0,120,2.92,37,,1,1,31,239.0,266,278.2,251.8,262,264.7,,248.9,,259.3,,2,1,1,1,1,0,0,0,1,0,4,0,RV6523,1,0.24,0.24,2025-07-14,2025-07-15,"TNK F",1,"TNK F",
HG1433,dk,5,1,1,,,4,2,1,,,0,0,0,0,0,0,0,0,0,120,2.1,47,,1,1,31,245.3,325,380.7,278.9,274.9,281.9,,301.5,,320.1,,2,2,2,1,1,0,0,0,1,0,4,1,RV6522,1,0.25,0.25,2025-07-14,2025-07-15,"TNK G",2,"TNK G",
HG1434,dk,5,0,1,,,4,2,1,,,0,0,0,0,0,0,0,0,0,120,2.96,149,102,1,1,30,253.2,276,278.6,251.3,249,254.9,,254.4,,255,,2,2,2,2,1,0,0,0,1,0,4,0,RV6523,1,0.25,0.25,2025-07-07,2025-07-09,"TNK G",2,"TNK G",
HG1435,dk,5,1,1,,,4,2,1,,,0,0,0,0,0,0,0,0,0,120,2.1,141,111,1,1,31,260.7,331,401.8,279,286.1,279.3,,291.5,,308.7,,2,2,2,1,1,0,0,0,1,0,4,1,RVV6522,1,0.26,0.26,2025-07-07,2025-07-08,"TNK G",2,"TNK G",
HG1440,dk,5,1,0,3,Donor,,,,,,0,0,0,0,0,0,0,0,0,,,,,,,,,,,,,,,,,,,,,,,0,0,0,0,0,0,,,,,,,,,,,,Donor
HG1441,dk,5,0,0,3,Donor,,,,,,0,0,0,0,0,0,0,0,0,,,,,,,,,,,,,,,,,,,,,,,0,0,0,0,0,0,,,,,,,,,,,,Donor
HG1453,ag,5,1,1,,,4,2,1,,,0,0,0,0,0,0,0,0,0,123,2.89,145,109,1,1,31,365,409,544,383,390,392,397,,,400,,2,2,2,2,1,0,0,0,0,0,4,1,WX5852,1,0.365,0.3654,2025-06-18,2025-06-23,"TNK G",2,"TNK G",
LJ5661,yl,5,1,1,,,4,1,1,,,0,0,0,0,0,0,0,0,0,115,2.33,167,101,1,1,44,248,292,503,257,256,256,,,,,,1,2,2,0,1,0,0,0,0,0,4,0,GF5977,1,0.248,0.248,2025-06-17,2025-06-25,"TNK D",1,"TNK D",
LJ5662,yl,5,0,1,,,4,1,1,,,0,0,0,0,0,0,0,0,0,124,2.89,164,108,1,1,48,238,246,308,227,228,,,,,245,,1,0,0,0,1,0,0,0,0,0,4,0,GF5977,1,0.24,0.24,2025-06-17,2025-07-09,"TNK H",1,"TNK H",
LJ5663,yl,5,0,1,,,4,1,1,,,0,0,0,0,0,0,0,0,0,120,2.76,167,107,1,1,35,266,283,312,266,266,,,,,,,1,1,2,0,1,0,0,0,0,0,4,1,RV9579,1,0.27,0.27,2025-07-07,2025-07-22,"TNK D",1,"TNK D",
LJ5664,yl,5,0,0,3,"blood donor",,,,,,0,0,0,0,0,0,0,0,0,,,,,,,,270,,,,,,,,,,,,,,,0,0,0,0,0,0,,,,,,,,,,,,"blood donor"
LJ5668,yl,5,0,1,,,3,1,1,,,0,0,0,0,0,0,0,0,0,122,2.73,166,106,1,1,41,235,244,297,241,240,,,,,,,1,0,0,0,1,0,0,0,0,0,3,0,LJ5664,1,0.24,0.24,2025-07-28,2025-08-06,"TNK H",1,"TNK H",
LJ5670,yl,5,0,1,,,4,2,1,,,0,0,0,0,0,0,0,0,0,123,2.3,169,105,1,1,45,218,232,318,204,189,181,188,,,,,2,2,1,0,1,0,0,0,0,0,4,0,GF5977,1,0.218,0.218,2025-06-17,2025-06-24,"TNK G",2,"TNK G",
LJ5675,yl,5,0,1,,,4,2,1,,,0,0,0,0,0,0,0,0,0,120,3.02,174,94,1,1,34,305,318,350,317,307,,,,,,,0,0,0,0,1,0,0,0,0,0,4,0,LJ5664,1,0.31,0.31,2025-07-28,2025-07-30,"TNK G",2,"TNK G",
LJ5676,yl,5,1,1,,,4,2,1,,,0,0,0,0,0,0,0,0,0,135,2.79,197,112,1,1,34,339,365,424,359,355,,,,,,,1,0,0,0,1,0,0,0,0,0,3.6,1,RV9579,1,0.35,0.35,2025-07-28,2025-07-30,"TNK G",2,"TNK G","135min occlusion period"
LW7390,mg,5,1,1,,,4,2,1,,,0,0,0,0,0,0,0,0,0,119,2.43,148,104,1,1,31,257,329,368,324,328,331,,,340,,341,2,1,1,0,1,0,0,0,0,0,4,1,BM4046,1,0.3,0.3,2025-06-23,2025-07-01,"TNK G",2,"TNK G",
LW7395,mg,5,0,1,,,4,2,1,,,0,0,0,0,0,0,1,0,0,,2.23,,,1,1,0,186,203,203,,,,,,,,,,,,,0,0,0,0,0,0,4,0,RF6266,0,0.186,,2025-06-23,2025-06-25,,2,"TNK G","received the clot"
MJ5135,sd,5,1,1,,,3,1,1,,,0,0,0,0,0,0,0,0,0,120,2.2,169,94,1,1,31,280.8,348,444.6,292.1,273.4,270,,,264.2,265,284.9,2,2,2,2,1,1,1,1,0,1,3,0,VV5900,1,0.28,0.28,2025-07-25,2025-08-12,"TNK D",1,"TNK D",
MJ5137,sd,5,0,1,,,3,1,1,,,0,0,0,0,0,0,0,0,0,120,2.43,171,102,1,1,35,238,252.7,258,221.8,222.2,228.4,,,240.9,233.6,242.8,1,1,1,3,1,1,1,1,0,1,3,0,QQ3122,1,0.24,0.24,2025-08-04,2025-08-05,"TNK H",1,"TNK H",
MJ5138,sd,5,1,1,,,3,1,1,,,0,0,0,0,0,0,1,0,1,,2.17,,,1,1,0,242.5,292,292,,,,,,,,,,,,,0,0,0,0,0,0,3,1,VV5900,0,0.24,,2025-07-25,2025-08-04,,1,"TNK H","received the clot"
MJ5139,sd,5,1,1,,,4,1,1,,,0,0,0,0,0,0,0,0,0,120,1.77,160,107,1,1,30,135.1,210.5,275.1,167.9,153.8,,,138.7,137.3,194.9,152.3,2,3,2,2,1,1,1,1,0,1,4,1,VV5900,1,0.14,0.14,2025-06-23,2025-07-23,"TNK H",1,"TNK H",
MJ5141,sd,5,1,1,,,3,2,1,,,0,0,0,0,0,0,0,0,0,122,2,158,128,1,1,36,190.4,264.1,409.8,242.3,232,,,253.3,261.3,267.3,275.2,1,1,0,1,1,1,1,1,0,1,3,1,VV5900,1,0.19,0.19,2025-07-25,2025-07-30,"TNK G",2,"TNK G",
MJ5142,sd,5,0,1,,,3,1,1,,,0,0,0,0,0,0,0,0,0,120,2.46,159,99,1,1,1,218.5,232.4,202.4,202.4,,,,,,,,1,3,,,0,0,0,0,0,0,3,1,VV5900,0,0.22,0.22,2025-07-25,2025-08-13,"TNK C",1,"TNK C",
MJ5174,sd,5,1,1,,,4,2,1,,,0,0,0,0,0,0,0,0,0,120,2.6,177,92,1,1,36,379,425,473.2,354.8,338,322.5,,,302.1,301.4,293.1,1,2,2,2,1,1,1,1,0,1,4,1,VV5900,1,0.38,0.38,2025-06-23,2025-07-15,"TNK G",2,"TNK G",
MJ5175,sd,5,1,1,,,4,2,1,,,0,0,0,0,0,0,0,0,0,120,2.66,160,89,1,1,1,378.2,456,,,,,,,,,,1,,,,0,0,0,0,0,0,4,1,VV5900,0,0.38,0.4,2025-06-23,2025-07-10,"TNK G",2,"TNK G",
MJ5176,sd,5,1,1,,,4,1,1,,,0,0,0,0,0,0,0,0,0,120,2.6,192,94,1,1,34,413.1,421,523,380.4,354.8,,,358.0,378.8,387,393,1,1,1,1,1,1,1,1,0,1,4,1,VV5900,1,0.41,0.41,2025-06-23,2025-07-01,"TNK C",1,"TNK C",
MJ5182,sd,5,0,1,,,4,1,1,,,0,0,0,0,0,0,0,1,1,120,2.6,181,90,1,1,0,254,296,296,,,,,,,,,1,,,,0,0,0,0,0,0,4,1,LJ5491,0,0.254,0.26,2025-06-20,2025-06-24,"TNK C",1,"TNK C",
MJ5183,sd,5,0,1,,,4,1,1,,,0,0,0,0,0,0,0,0,0,120,2.6,165,85,1,1,43,236.8,249,290.1,222,206.3,202.8,,,177.8,178.2,204.4,3,3,3,3,1,1,1,1,0,1,4,0,"LJ 5491",1,0.24,0.24,2025-06-20,2025-07-08,"TNK F",1,"TNK F",
MJ5184,sd,5,1,1,,,4,2,1,,,0,0,0,0,0,0,0,0,0,120,2.6,165,90,1,1,1,371.5,398.7,,,,,,,,,,2,,,,0,0,0,0,0,0,4,1,VV5900,0,0.37,0.37,2025-06-23,2025-07-15,"TNK G",2,"TNK G",
MJ5831,iw,5,0,1,,,4,2,1,,,0,0,0,0,0,0,0,0,0,120,2.96,153,102,1,1,30,268,280,298,249,240,235,242,,257,,,2,1,1,0,1,0,0,0,0,0,4,0,HC8332,1,0.268,0.268,2025-06-23,2025-06-25,"TNK G",2,"TNK G",
MJ5832,iw,5,0,1,,,4,1,1,,,0,0,0,0,0,0,0,0,0,120,2.92,181,95,1,1,31,265,263,287,244,250,255,258,257,,254,,2,2,1,1,1,0,0,0,0,0,4,0,HC8332,1,0.263,0.263,2025-06-23,2025-06-24,"TNK C",1,"TNK C",
MJ5833,iw,5,0,1,,,4,1,1,,,0,0,0,0,0,0,0,0,0,120,2.2,158,102,1,1,1,245,247,228,,,,,,,,,1,,,,0,0,0,0,0,0,4,0,BW5453,0,0.245,0.245,2025-06-29,2025-06-30,"TNK C",1,"TNK C",
MJ5834,iw,5,1,1,,,4,1,1,,,0,0,0,0,0,0,0,0,0,120,2.23,150,105,1,1,1,273,333,294,,,,,,,,,2,,,,0,0,0,0,0,0,4,1,WS4353,0,0.27,0.27,2025-07-14,2025-07-15,"TNK C",1,"TNK C",
MJ5835,iw,5,1,1,,,4,1,1,,,0,0,0,0,0,0,0,0,1,120,2.23,148,105,1,1,31,287,346,456,321,316,307,318,333,338,349,,0,0,0,1,1,0,0,0,0,0,4,1,RR0052,1,0.29,0.29,2025-07-21,2025-07-22,"TNK D",1,"TNK D",
MJ5836,iw,5,0,1,,,4,2,1,,,0,0,0,0,0,0,0,0,0,120,2.96,147,106,1,1,30,272,278,323,266,266,274,282,299,285,,,0,1,2,1,1,0,0,0,0,0,4,0,HC8332,1,0.27,0.27,2025-07-21,2025-07-23,"TNK G",2,"TNK G",
MJ5837,iw,5,1,1,,,4,2,1,,,0,0,0,0,0,0,0,0,1,114,2.1,148,105,1,1,30,251,344,436,299,295,299,304,,,321,,2,2,2,1,1,0,0,0,0,0,4,1,BW5456,1,0.29,0.29,2025-07-28,2025-07-29,"TNK G",2,"TNK G",
MJ5838,iw,5,1,1,,,3,1,1,,,0,0,0,0,1,0,0,0,0,,2.1,10,,0,1,0,285,379,379,,,,,,,,,,,,,0,0,0,0,0,0,,,,0,0.32,,,2025-08-05,,1,"TNK C or D",
MJ5839,iw,5,0,1,,,3,2,1,,,0,0,0,0,0,0,0,0,0,120,3.06,147,107,1,1,30,238,270,290,239,223,224,224,223,215,,,1,2,2,1,1,0,0,0,0,0,3,0,WS4359,1,0.25,0.25,2025-08-04,2025-08-06,"TNK G",2,"TNK G",
MJ5840,iw,5,0,1,,,3,1,1,,,0,0,0,0,0,0,0,0,0,120,3.02,153,106,1,1,30,228,249,292,242,247,255,258,257,,260,,2,1,1,0,1,0,0,0,0,0,3,0,WS4357,1,0.23,0.23,2025-08-11,2025-08-12,"TNK D",1,"TNK D",
MJ5841,iw,5,1,1,,,3,1,1,,,0,0,0,0,0,0,0,0,0,120,2.07,148,106,1,1,29,257,321,438,290,287,290,297,,,318,,0,0,0,1,1,0,0,0,0,0,3,1,BW5458,1,0.26,0.26,2025-08-16,2025-08-18,"TNK C",1,"TNK C",
MN4910,dk,5,1,1,,,3,2,1,,,0,0,0,0,0,0,0,0,0,120,2.33,30,,1,1,31,309.5,349,430,338.1,340.5,336.7,,340.1,,342.9,,2,2,2,2,1,0,0,0,1,0,3,1,MN4915,1,0.31,0.31,2025-07-28,2025-07-29,"TNK G",2,"TNK G",
MN4911,dk,5,0,1,,,3,2,1,,,0,0,0,0,0,0,0,0,0,120,3.15,37,,1,1,31,281.5,294,318,279.8,280.6,274.4,,269.5,,272,,2,2,1,1,1,0,0,0,1,0,3,0,MN4914,1,0.28,0.28,2025-07-28,2025-07-29,"TNK G",2,"TNK G",
MN4914,dk,5,0,0,3,Donor,,,,,,0,0,0,0,0,0,0,0,0,,,,,,,,254.9,,,,,,,,,,,,,,,0,0,0,0,0,0,,,,,,,,,,,,Donor
MN4915,dk,5,1,0,3,Donor,,,,,,0,0,0,0,0,0,0,0,0,,,,,,,,299.2,,,,,,,,,,,,,,,0,0,0,0,0,0,,,,,,,,,,,,Donor
MN4924,dk,5,0,1,,,3,1,1,,,0,0,0,0,0,0,0,0,0,120,3.19,52,,1,1,30,271.7,273,305,256.5,279.3,290.5,,294.5,,304.7,,2,2,2,2,1,0,0,0,1,0,3,0,MN4914,1,0.27,0.27,2025-08-11,2025-08-13,"TNK D",1,"TNK D",
MN4925,dk,5,1,1,,,3,2,1,,,0,0,0,0,0,0,0,0,0,120,2.37,34,,1,1,30,320.3,372,451,326.7,343.1,343.5,,334.6,,359.6,,2,2,2,1,1,0,0,0,1,0,3,1,MN4915,1,0.32,0.32,2025-08-11,2025-08-13,"TNK G",2,"TNK G",
MN4940,ag,5,0,1,,,4,2,1,,,0,0,0,0,0,0,0,0,0,120,2.89,145,112,1,1,32,274,280,320,280,282,285,288,,,292,,2,2,1,2,1,0,0,0,0,0,4,0,RV6544,1,0.27,0.27,2025-06-18,2025-07-14,"TNK G",2,"TNK G",
MN4941,ag,5,1,1,,,4,2,1,,,0,0,0,0,0,0,0,0,0,120,2.89,150,113,1,1,1,461,466,429,,,,,,,,,2,,,,0,0,0,0,0,0,4,1,WX5852,0,0.46,0.46,2025-06-18,2025-07-14,"TNK G",2,"TNK G",
MN4943,ag,5,1,1,,,4,2,1,,,0,0,0,0,0,0,0,0,0,120,3.12,157,112,1,1,2,470,490,487,480,475,,,,,,,2,2,1,,0,0,0,0,0,0,4,1,WX5852,0,0.47,0.47,2025-07-17,2025-07-21,"TNK G",2,"TNK G",
MN4944,ag,5,0,1,,,3,2,1,,,0,0,0,0,0,0,0,0,0,120,2.89,147,113,1,1,30,256,255,293,250,252,242,245,,,251,,2,2,2,2,1,0,0,0,0,0,3,0,RV6544,1,0.26,0.26,2025-07-17,2025-08-04,"TNK G",2,"TNK G",
MN4945,ag,5,1,1,,,3,2,1,,,0,0,0,0,0,0,0,0,0,120,3.09,148,113,1,1,1,402,464,,,,,,,,,,1,,,,0,0,0,0,0,0,3,1,WX5852,0,0.41,0.41,2025-07-17,2025-08-10,"TNK G",2,"TNK G",
MN4946,ag,5,0,1,,,3,1,1,,,0,0,0,0,0,0,0,0,0,120,3.25,143,113,1,1,30,206,229,285,205,213,210,216,,,235,,2,1,1,0,1,0,0,0,0,0,3,0,RV6544,1,0.23,0.23,2025-07-17,2025-08-18,"TNK D",1,"TNK D",
MN5635,mg,5,1,1,,,3,1,1,,,0,0,0,0,0,0,0,0,0,120,2.43,159,107,1,1,31,280,294,342,285,292,291,,,308,,312,2,2,2,1,1,0,0,0,0,0,3,1,LW7383,1,0.28,0.28,2025-08-07,2025-08-12,"TNK F",1,"TNK F",
MN5636,mg,5,0,1,,,3,1,1,,,0,0,0,0,0,0,0,0,0,120,2.69,143,106,1,1,33,182,226,250,185,173,170,,152,,138,,1,2,2,1,1,0,0,0,0,0,3,0,RF6270,1,0.2,0.2,2025-08-07,2025-08-20,"TNK D",1,"TNK D",
MN5643,mg,5,1,1,,,3,1,1,,,0,0,0,0,0,0,0,0,0,120,2.66,154,104,1,1,34,285,322,285,302,294,299,,315,,320,,2,1,1,1,1,0,0,0,0,0,3,1,LW7383,1,0.3,0.3,2025-08-07,2025-08-19,"TNK F",1,"TNK F",
MN5654,yl,5,0,1,,,3,2,1,,,0,0,0,0,0,0,0,0,0,122,2.92,178,103,1,1,35,273,280,316,274,263,,,,,,,2,2,2,0,1,0,0,0,0,0,3,0,LJ5664,1,0.27,0.27,2025-07-28,2025-08-12,"TNK G",2,"TNK G",
MN5665,yl,5,0,1,,,3,1,1,,,0,0,0,0,0,0,0,0,0,114,2.69,174,106,1,1,35,204,211,213,209,213,212,,,,,,2,1,1,0,1,0,0,0,0,0,3,0,LJ5664,1,0.21,0.21,2025-07-28,2025-08-19,"TNK H",1,"TNK H",
MN5702,ag,5,0,1,,,4,1,1,,,0,0,0,0,0,0,0,0,0,120,2.92,151,114,1,1,31,210,226,263,212,215,217,220,,,225,,2,2,2,2,1,0,0,0,0,0,4,0,RV6544,1,0.21,0.21,2025-06-18,2025-06-23,"TNK D",1,"TNK D",
MN5730,dk,5,0,1,,,4,1,1,,,0,0,0,0,0,0,0,0,0,120,2.92,31,,1,1,31,235.7,268,305.9,239.5,238.9,245,,258.1,,265.7,,2,2,2,2,1,0,0,0,1,0,4,0,RV6523,1,0.24,0.24,2025-07-21,2025-07-22,"TNK F",1,"TNK F",
MN5731,dk,5,1,1,,,4,1,1,,,0,0,0,0,0,0,0,0,0,120,2.1,36,,1,1,31,255.2,312,431.3,303.2,300.1,301.7,,318,,330.4,,2,2,2,1,1,0,0,0,1,0,4,1,RV6522,1,0.26,0.26,2025-07-21,2025-07-22,"TNK D",1,"TNK D",
MN5732,dk,5,0,1,,,4,1,1,,,0,0,0,0,0,0,0,0,0,120,2.96,28,,1,1,1,252.4,273,248,248,,,,,,,,2,2,,,0,0,0,0,0,0,4,0,RV6523,0,0.25,0.25,2025-07-14,2025-07-16,"TNK H",1,"TNK H",
MN5733,dk,5,1,1,,,4,2,1,,,0,0,0,0,0,0,0,0,0,120,2.14,41,,1,1,30,248.8,338,466.8,304.8,287.2,279.9,,319.3,,342.2,,2,2,2,2,1,0,0,0,1,0,4,1,RV6522,1,0.25,0.25,2025-07-14,2025-07-16,"TNK G",2,"TNK G",
MN5738,dk,5,0,1,,,4,1,1,,,0,0,0,0,0,0,0,0,0,120,0.92,154,105,1,1,30,256.0,257,295,250.9,259,253.7,,250,,264.8,,2,2,2,0,1,0,0,0,1,0,4,0,HG1441,1,0.256,0.256,2025-06-23,2025-06-24,"TNK D",1,"TNK D",
MN5739,dk,5,1,1,,,4,2,1,,,0,0,0,0,0,0,0,0,0,120,2.1,143,104,1,1,30,281.9,318,425,329,332,336.4,,336.8,,347.3,,2,2,2,1,1,0,0,0,1,0,4,1,HG1440,1,0.282,0.282,2025-06-23,2025-06-24,"TNK G",2,"TNK G",
QQ3348,yl,5,1,1,,,4,1,1,,,0,0,0,0,0,0,0,0,0,120,2.99,207,95,1,1,2,436,455,,439,,,,,,,,1,0,,,0,0,0,0,0,0,4,1,RV9579,0,0.44,0.44,2025-07-28,2025-07-29,"TNK H",1,"TNK H",
QQ3351,yl,5,1,1,,,3,1,1,,,0,0,0,0,0,0,0,0,0,123,2.69,169,93,1,1,0,371,411,411,,,,,,,,,2,,,,0,0,0,0,0,0,3,1,RV9579,0,0.37,0.37,2025-07-28,2025-08-05,"TNK D",1,"TNK D",
RQ9431,sd,5,0,1,,,4,1,1,,,0,0,0,0,0,0,0,0,0,135,1.77,181,94,1,1,30,224.3,253.7,276,230,237.4,,,248.8,245.7,245.6,245.9,1,1,1,1,1,1,1,1,0,1,4,0,LJ5491,1,0.22,0.22,2025-07-08,2025-07-23,"TNK D",1,"TNK D",
RQ9432,sd,5,1,1,,,3,2,1,,,0,0,0,0,0,0,0,0,0,120,2.2,168,98,1,1,17,230.4,285,,240.3,214.8,204.8,,,175.6,169.8,164.5,2,3,2,,0,0,0,0,0,0,3,1,VV5900,0,0.23,0.23,2025-07-25,2025-08-12,"TNK G",2,"TNK G","Euthanized early by mistake"
RQ9447,sd,5,0,1,,,3,1,1,,,0,0,0,0,0,0,0,0,0,120,2.4,170,88,1,1,36,198.7,219.4,250,191.8,179.8,189.6,1195.7,,,210.1,211.1,1,3,2,0,1,1,1,1,0,1,3,0,"LJ 5491",1,0.2,0.2,2025-07-08,2025-08-04,"TNK C",1,"TNK C",
RQ9448,sd,5,0,1,,,3,2,1,,,0,0,0,0,0,0,0,0,0,120,2.46,169,96,1,1,36,199.1,238.9,280.9,222.3,209.1,,,221.3,224.1,219.5,227.5,1,1,1,2,1,1,0,1,0,1,3,0,"LJ 5491",1,0.2,0.2,2025-07-08,2025-07-30,"TNK G",2,"TNK G",
RQ9450,sd,5,0,1,,,4,2,1,,,0,0,0,0,0,0,0,0,0,120,2.6,155,90,1,1,36,225,140.4,267.2,209.1,196.2,185.4,,,203.1,212.4,209.5,2,3,3,2,1,1,1,1,0,1,4,0,"LJ 5491",1,0.23,0.25,2025-07-08,2025-07-15,"TNK G",2,"TNK G",
RQ9456,sd,5,0,1,,,4,1,1,,,0,0,0,0,0,0,0,0,0,120,2.63,167,93,1,1,12,231.1,246.5,,210.3,196.4,,,170,178,163.2,147.6,2,3,2,,0,0,0,0,0,0,4,0,"LJ 5491",0,0.23,0.29,2025-06-20,2025-07-02,"TNK H",1,"TNK H",
RQ9457,sd,5,1,1,,,4,2,1,,,0,0,0,0,0,0,0,0,0,122,2.6,207,78,1,1,1,337,400,,,,,,,,,,1,,,,0,0,0,0,0,0,4,1,VV5900,0,0.337,0.34,2025-06-23,2025-06-24,"TNK G",2,"TNK G",
RQ9462,sd,5,1,1,,,4,2,1,,,0,0,0,0,0,0,0,0,0,120,2.63,183,88,1,1,33,399.2,443,430.8,388.6,390.9,,,268.8,312,305.5,290.6,2,1,1,2,1,1,1,1,0,1,4,1,"LJ 5491",1,0.4,0.4,2025-06-20,2025-07-02,"TNK G",2,"TNK G",
RQ9463,sd,5,1,1,,,4,1,1,,,0,0,0,0,0,0,0,0,0,120,2.66,176,98,1,1,4,372.7,413,,363,,,,,,,,2,2,,,0,0,0,0,0,0,4,1,VV5900,0,0.37,0.4,2025-06-23,2025-07-10,"TNK F",1,"TNK F",
RR0052,iw,5,1,0,3,"aNIMAL WILL BE USED FOR cLOT PREPRATION ON 06.23.25",,,,,,0,0,0,0,0,0,0,0,0,,,,,,,,309,,,,,,,,,,,,,,,0,0,0,0,0,0,,,,,,,,,,,,"aNIMAL WILL BE USED FOR cLOT PREPRATION ON 06.23.25"
RR0053,iw,5,1,1,,,4,1,1,,,0,0,0,0,0,0,0,0,0,120,2.89,152,106,1,1,42,296,335,445,284,268,215,217,298,302,305,,2,2,3,2,1,0,0,0,0,0,4,1,WS4353,1,0.3,0.3,2025-06-29,2025-06-30,"TNK H",1,"TNK H",
RR0054,iw,5,0,1,,,4,2,1,,,0,0,0,0,0,0,0,0,0,120,2.23,144,99,1,1,1,255,277,245,,,,,,,,,2,,,,0,0,0,0,0,0,4,0,BW5453,0,0.26,0.26,2025-06-29,2025-07-01,"TNK G",2,"TNK G",
RR0055,iw,5,1,1,,,4,2,1,,,0,0,0,0,0,0,0,0,0,120,2.27,154,105,1,1,29,274,354,499,340,328,320,329,332,339,345,,2,1,2,0,1,0,0,0,0,0,4,1,WS4353,1,0.27,0.27,2025-07-14,2025-07-16,"TNK G",2,"TNK G",
RR0056,iw,5,0,1,,,4,1,1,,,0,0,0,0,0,0,0,0,0,120,2.92,159,105,1,1,31,264,284,313,269,258,263,265,268,272,269,,1,1,1,2,1,0,0,0,0,0,4,0,HC8332,1,0.26,0.26,2025-07-21,2025-07-22,"TNK D",1,"TNK D",
RR0057,iw,5,1,1,,,4,2,1,,,0,0,0,0,0,0,0,0,1,120,2.14,156,106,1,1,29,249,378,432,316,317,322,,,337,,342,0,0,0,0,1,0,0,0,0,0,4,1,BW5456,1,0.3,0.3,2025-07-28,2025-07-30,"TNK G",2,"TNK G",
RR0058,iw,5,0,1,,,4,1,1,,,0,0,0,0,0,0,0,0,0,120,3.06,140,107,1,1,29,225,260,269,246,247,244,,,251,,253,2,0,0,0,1,0,0,0,0,0,4,0,WS4357,1,0.25,0.25,2025-07-28,2025-07-30,"TNK D",1,"TNK D",
RR0059,iw,5,1,1,,,3,1,1,,,0,0,0,0,0,0,0,0,0,120,2.14,155,107,1,1,2,279,386,342,347,,,,,,,,2,2,,,0,0,0,0,0,0,3,1,BW5458,0,0.32,0.32,2025-08-04,2025-08-06,"TNK C",1,"TNK C",
RR0060,iw,5,1,1,,,3,1,1,,,0,0,0,0,0,0,0,0,0,120,2.1,157,106,1,1,30,318,380,521,334,331,357,363,366,,369,,2,2,0,0,1,0,0,0,0,0,3,1,BW5456,1,0.32,0.32,2025-08-11,2025-08-12,"TNK D",1,"TNK D",
RR0061,iw,5,0,1,,,3,1,1,,,0,0,0,0,0,0,0,0,0,120,3.06,147,97,1,1,29,220,234,237,207,208,214,215,,218,,,0,0,0,1,1,0,0,0,0,0,3,0,WS4357,1,0.22,0.22,2025-08-11,2025-08-13,"TNK C",1,"TNK C",
RR0062,iw,5,0,1,,,3,2,1,,,0,0,0,0,0,0,0,0,0,120,2.99,141,104,1,1,29,248,252,265,249,246,244,244,,,254,,1,1,0,1,1,0,0,0,0,0,3,0,WS4359,1,0.25,0.25,2025-08-16,2025-08-18,"TNK G",2,"TNK G",
RV6518,dk,5,0,1,,,4,2,1,,,0,0,0,0,0,0,0,0,0,120,0.92,145,103,1,1,30,260.5,260,290,244.5,243,244.3,,240.6,,247,,2,2,2,2,1,0,0,0,1,0,4,0,HG1441,1,0.261,0.261,2025-06-23,2025-06-24,"TNK G",2,"TNK G",
RV6519,dk,5,1,1,,,4,1,1,,,0,0,0,0,0,0,0,0,0,120,2.14,175,106,1,1,29,271.6,319,404,297,293.5,299.5,,314.5,,327.5,,1,0,1,0,1,0,0,0,1,0,4,1,HG1440,1,0.272,0.272,2025-06-23,2025-06-25,"TNK F",1,"TNK F",
RV6522,dk,5,1,0,3,Donor,,,,,,0,0,0,0,0,0,0,0,0,,,,,,,,242.6,,,,,,,,,,,,,,,0,0,0,0,0,0,,,,,,,,,,,,Donor
RV6523,dk,5,0,0,3,Donor,,,,,,0,0,0,0,0,0,0,0,0,,,,,,,,260.0,,,,,,,,,,,,,,,0,0,0,0,0,0,,,,,,,,,,,,Donor
RV6542,ag,5,1,1,,,4,1,1,,,0,0,0,0,0,0,0,0,0,120,3.15,160,114,1,1,29,358,420,409,383,366,350,,,,331,327,2,2,2,2,1,0,0,0,0,0,4,1,WX5852,1,0.37,0.37,2025-06-18,2025-07-01,"TNK H",1,"TNK H",
RV6543,ag,5,1,1,,,4,1,1,,,0,0,0,0,0,0,0,0,0,120,2.89,145,113,1,1,2,368,410,401,389,401,,,,,,,2,2,2,,0,0,0,0,0,0,4,1,WX5852,0,0.368,0.368,2025-06-18,2025-06-23,"TNK F",1,"TNK F",
RV6544,ag,5,0,0,3,"Will be used as blood donor",,,,,,0,0,0,0,0,0,0,0,0,,,,,,,,220,,,,,,,,,,,,,,,0,0,0,0,0,0,,,,,,,,,,,,"Will be used as blood donor"
RV9457,yl,5,1,1,,,3,1,1,,,0,0,0,0,0,0,0,0,0,120,2.96,177,99,1,1,41,415,448,555,422,418,,,,,,,1,1,1,0,1,0,0,0,0,0,3,0,LJ5664,1,0.42,0.42,2025-07-28,2025-08-13,"TNK D",1,"TNK D",
RV9468,yl,5,1,1,,,3,1,1,,,0,0,0,0,0,0,1,0,0,78,2.96,117,,1,1,0,493,521,521,,,,,,,,,,,,,0,0,0,0,0,0,3,0,LJ5664,0,0.5,,2025-07-28,2025-08-20,,1,"TNK C or D","received the clot"
RV9534,mg,5,1,1,,,4,1,1,,,0,0,0,0,0,0,0,0,0,121,2.46,157,106,1,1,30,270,357,403,344,345,348,,350,,353,,2,2,1,0,1,0,0,0,0,0,4,1,BM4046,1,0.31,0.31,2025-06-23,2025-07-02,"TNK C",1,"TNK C",
RV9535,mg,5,0,1,,,3,1,1,,,0,0,0,0,0,0,0,0,0,120,2.43,144,108,1,1,31,183,198,224,191,195,196,,,202,,207,2,1,1,0,1,0,0,0,0,0,3,0,RF6270,1,0.18,0.18,2025-08-07,2025-08-12,"TNK D",1,"TNK D",
RV9545,mg,5,1,1,,,3,2,1,,,0,0,0,0,0,0,0,0,0,120,2.46,147,107,1,1,30,285,318,348,280,261,256,,243,,241,,2,2,2,1,1,0,0,0,0,0,3,1,LW7383,1,0.29,0.29,2025-08-07,2025-08-13,"TNK G",2,"TNK G",
RV9573,yl,5,0,1,,,4,2,1,,,0,0,0,0,0,0,0,0,0,122,2.56,161,99,1,1,41,241,252,299,241,237,,,,,,,2,2,1,1,1,0,0,0,0,0,4,1,RV9579,1,0.24,0.24,2025-07-07,2025-07-16,"TNK G",2,"TNK G",
RV9579,yl,5,1,0,3,"Blood donor",,,,,,0,0,0,0,0,0,0,0,0,,,,,,,,367,,,,,,,,,,,,,,,0,0,0,0,0,0,,,,,,,,,,,,"Blood donor"
RV9580,yl,5,1,1,,,4,2,1,,,0,0,0,0,0,0,0,0,0,122,2.86,179,107,1,1,38,367,408,554,376,405,407,,,,,,1,1,0,0,1,0,0,0,0,0,4,1,RV9579,1,0.37,0.37,2025-07-07,2025-07-08,"TNK G",2,"TNK G",
RV9585,yl,5,1,1,,,4,2,1,,,0,0,0,0,0,0,0,0,1,120,2.56,186,99,1,1,0,334,372,,,,,,,,,,1,,,,0,0,0,0,0,0,3.6,1,RV9574,0,0.33,0.3,2025-07-07,2025-07-23,"TNK D",1,"TNK G","Received wrong reperfusion vial. TNKase was administered instead of saline as assigned."
RV9586,yl,5,1,1,,,4,1,1,,,0,0,0,0,0,0,0,0,0,120,2.53,167,106,1,1,2,348,394,,384,,,,,,,,0,2,,,0,0,0,0,0,0,4,1,RV9579,0,0.35,0.35,2025-07-07,2025-07-15,"TNK D",1,"TNK D",
RV9587,yl,5,0,1,,,4,2,1,,,0,0,0,0,0,0,0,0,0,120,2.3,156,105,1,1,45,212,228,249,223,219,227,232,,,,,2,2,1,0,1,0,0,0,0,0,4,0,GF5977,1,0.212,0.212,2025-06-17,2025-06-24,"TNK G",2,"TNK G",
RV9590,dk,5,1,1,,,3,2,1,,,0,0,0,0,0,0,0,0,0,120,2.37,32,,1,1,30,329.8,366,440,327.5,320.8,318.6,,337.6,,350.9,,2,1,1,2,1,0,0,0,1,0,3,1,MN4915,1,0.33,0.33,2025-07-28,2025-07-30,"TNK G",2,"TNK G",
RV9591,dk,5,0,1,,,3,1,1,,,0,0,0,0,0,0,0,0,0,120,3.19,39,,1,1,30,285.6,292,314,272.1,253.9,258,,271.7,,280.1,,2,2,2,2,1,0,0,0,1,0,3,0,MN4914,1,0.29,0.29,2025-07-28,2025-07-30,"TNK H",1,"TNK H",
RV9598,dk,5,0,1,,,3,2,1,,,0,0,0,0,0,0,0,0,0,120,3.19,37,,1,1,1,268.7,297,276,,,,,,,,,2,,,,0,0,0,0,0,0,3,0,MN4914,0,0.27,0.27,2025-08-04,2025-08-06,"TNK G",2,"TNK G",
RV9599,dk,5,1,1,,,3,1,1,,,0,0,0,0,0,0,0,0,0,120,2.33,29,,1,1,31,336.4,393,542,410.2,404.1,408.1,,417.8,,429.1,,2,2,2,1,1,0,0,0,1,0,3,1,MN4915,1,0.34,0.34,2025-08-04,2025-08-05,"TNK D",1,"TNK D",
RV9600,dk,5,1,1,,,3,1,1,,,0,0,0,0,0,0,0,0,0,120,2.37,35,110,1,1,30,321.4,367,453,351.8,358,353.8,,364.2,,375.7,,2,2,2,1,1,0,0,0,1,0,3,1,MN4915,1,0.32,0.32,2025-08-18,2025-08-20,"TNK D",1,"TNK D",
RV9601,dk,5,0,1,,,3,2,1,,,0,0,0,0,0,0,0,0,0,120,3.19,49,,1,1,30,272.2,279,301,275.3,275.3,282.4,,275.8,,278.5,,2,1,1,1,1,0,0,0,1,0,3,0,MN4914,1,0.27,0.27,2025-08-18,2025-08-20,"TNK G",2,"TNK G",
RV9610,ag,5,0,1,,,4,1,1,,,0,0,0,0,0,0,0,0,0,119,3.15,143,112,1,1,2,213,235,205,205,205,,,,,,,2,3,3,,0,0,0,0,0,0,4,0,RV6544,0,0.22,0.22,2025-06-18,2025-06-30,"TNK C",1,"TNK C",
RV9612,ag,5,1,1,,,4,2,1,,,0,0,0,0,0,0,0,0,0,119,3.35,146,112,1,1,2,470,480,,465,,,,,,,,2,2,,,0,0,0,0,0,0,4,0,WX5852,0,0.47,0.47,2025-06-18,2025-07-07,"TNK G",2,"TNK G",
RV9613,ag,5,0,1,,,4,2,1,,,0,0,0,0,0,0,0,0,0,119,3.42,142,112,1,1,3,204,205,,187,175,,,,,,,2,2,2,,0,0,0,0,0,0,4,0,RV6544,0,0.2,0.2,2025-06-18,2025-07-08,"TNK G",2,"TNK G",
RV9614,ag,5,0,1,,,4,2,1,,,0,0,0,0,0,0,0,0,0,121,2.92,154,112,1,1,31,308,320,376,315,310,318,,,320,326,,2,2,1,0,1,0,0,0,0,0,4,0,RV6544,1,0.31,0.31,2025-06-18,2025-07-15,"TNK G",2,"TNK G",
RV9615,ag,5,0,1,,,4,1,1,,,0,0,0,0,0,0,0,0,0,120,3.12,155,113,1,1,32,273,275,251,230,225,228,,,232,243,,2,2,2,2,1,0,0,0,0,0,4,0,RV6544,1,0.28,0.28,2025-07-17,2025-07-21,"TNK F",1,"TNK F",
RV9616,ag,5,1,1,,,4,2,1,,,0,0,0,0,0,0,0,0,0,120,3.15,145,111,1,1,1,455,503,480,,,,,,,,,2,,,,0,0,0,0,0,0,4,1,WX5852,0,0.47,0.47,2025-07-17,2025-07-22,"TNK G",2,"TNK G",
RV9617,ag,5,0,1,,,3,2,1,,,0,0,0,0,0,0,0,0,0,120,3.35,141,113,1,1,31,280,302,333,296,291,295,300,,,301,,2,2,2,0,1,0,0,0,0,0,3,0,RV6544,1,0.29,0.29,2025-07-17,2025-07-28,"TNK G",2,"TNK G",
RV9618,ag,5,0,1,,,3,1,1,,,0,0,0,0,0,0,0,0,0,121,2.89,147,114,1,1,30,242,256,293,210,216,212,215,,,220,,2,2,2,2,1,0,0,0,0,0,3,0,RV6544,1,0.24,0.24,2025-07-17,2025-08-04,"TNK F",1,"TNK F",
RV9619,ag,5,1,1,,,3,2,1,,,0,0,0,0,0,0,0,0,0,120,3.09,144,112,1,1,30,370,415,420,407,402,,,400,395,391,,2,2,2,0,1,0,0,0,0,0,3,1,WX5852,1,0.38,0.38,2025-07-17,2025-08-13,"TNK G",2,"TNK G",
RV9621,ag,5,0,1,,,3,1,1,,,0,0,0,0,0,0,0,0,0,120,3.09,149,113,1,1,2,251,259,,245,,,,,,,,2,3,,,0,0,0,0,0,0,3,0,RV6544,0,0.26,0.26,2025-07-17,2025-08-13,"TNK D",1,"TNK D",
VV5204,yl,5,1,1,,,4,1,1,,,0,0,0,0,0,0,0,0,0,123,2.33,159,99,1,1,44,236,286,444,285,289,289,,,,,,2,0,1,2,1,0,0,0,0,0,4,0,GF5977,1,0.236,0.236,2025-06-17,2025-06-25,"TNK H",1,"TNK H",
VV5205,yl,5,0,1,,,4,1,1,,,0,0,0,0,0,0,0,0,0,122,2.99,176,105,1,1,35,303,322,368,316,307,318,,,,,,1,0,0,0,1,0,0,0,0,0,4,0,LJ5664,1,0.3,0.3,2025-07-28,2025-07-29,"TNK D",1,"TNK D",
VV5206,yl,5,1,1,,,4,2,1,,,0,0,0,0,0,0,0,0,0,126,2.53,178,121,1,1,2,416,455,,441,,,,,,,,2,1,,,0,0,0,0,0,0,4,1,RV9579,0,0.42,0.42,2025-07-07,2025-07-22,"TNK G",2,"TNK G",
VV5213,yl,5,1,1,,,4,2,1,,,0,0,0,0,0,0,0,0,0,120,2.53,165,101,1,1,42,367,417,560,382,378,376,,,,,,1,0,2,0,1,0,0,0,0,0,4,1,RV9579,1,0.37,0.37,2025-07-07,2025-07-15,"TNK G",2,"TNK G",
VV5214,yl,5,1,1,,,4,2,1,,,0,0,0,0,0,0,0,0,0,123,2.86,171,107,1,1,38,351,384,510,399,360,367,,,,,,2,0,0,0,1,0,0,0,0,0,4,0,GF5977,1,0.35,0.35,2025-06-17,2025-07-08,"TNK G",2,"TNK G",
VV5249,yl,5,0,1,,,3,2,1,,,0,0,0,0,0,0,0,0,0,120,2.69,158,104,1,1,42,233,235,,234,230,232,,,,,,1,0,0,0,1,0,0,0,0,0,3,0,LJ5664,1,0.23,0.23,2025-07-28,2025-08-05,"TNK G",2,"TNK G",
VV5258,yl,5,1,1,,,3,2,1,,,0,0,0,0,0,0,0,0,1,122,2.73,176,99,1,1,41,346,376,464,366,360,,,,,,,1,1,2,0,1,0,0,0,0,0,3,0,LJ5664,1,0.35,0.35,2025-07-28,2025-08-06,"TNK G",2,"TNK G",
WI2549,mg,5,1,1,,,4,2,1,,,0,0,0,0,0,0,0,0,0,119,2.2,143,101,1,1,38,282,309,413,283,271,257,,269,,278,,2,2,2,0,1,0,0,0,0,0,4,1,BM4046,1,0.282,0.28,2025-06-23,2025-06-24,"TNK G",2,"TNK G",
WI2550,mg,5,0,1,,,4,1,1,,,0,0,0,0,0,0,0,0,0,119,2.43,143,106,1,1,31,198,223,203,202,193,185,,,161,,159,2,2,2,1,1,0,0,0,0,0,4,0,RF6266,1,0.22,0.22,2025-06-23,2025-07-01,"TNK F",1,"TNK F",
WI2555,mg,5,1,1,,,4,1,1,,,0,0,0,0,0,0,0,0,0,118,2.23,141,98,1,1,1,283,329,,,,,,,,,,2,,,,0,0,0,0,0,0,4,1,BM4046,0,0.283,0.28,2025-06-23,2025-06-25,"TNK F",1,"TNK F",
WS3717,sd,5,1,1,,,3,2,1,,,0,0,0,0,0,0,0,0,0,120,2.17,175,105,1,1,36,264.7,316.4,448.7,283.3,269.8,267.9,270.1,,,296.2,296.8,1,0,0,2,1,1,1,1,0,1,3,1,VV5900,1,0.26,0.26,2025-07-25,2025-08-04,"TNK G",2,"TNK G",
WS3718,sd,5,0,1,,,3,1,1,,,0,0,0,0,0,0,0,0,0,120,2.43,169,98,1,1,37,200.8,232,278.3,206.8,210.8,210.4,,,224.6,232.1,233.2,2,1,1,1,1,1,1,1,0,1,3,0,VV5900,1,0.2,0.2,2025-07-08,2025-07-29,"TNK C",1,"TNK C",
WS3719,sd,5,1,1,,,4,2,1,,,0,0,0,0,0,0,0,0,1,120,1.74,165,98,1,1,3,147.4,204.6,,160.5,153.7,,,,,,,2,2,3,,0,0,0,0,0,0,4,1,VV5900,0,0.15,0.15,2025-06-23,2025-07-22,"TNK G",2,"TNK G",
WS3721,sd,5,1,1,,,3,1,1,,,0,0,0,0,0,0,0,0,0,122,1.97,165,86,1,1,37,193.6,294.3,409,245.3,241.6,232,,,269.4,279.7,279.1,2,3,2,1,1,1,1,1,0,1,3,1,"LJ 5491",1,0.19,0.2,2025-07-25,2025-07-29,"TNK H",1,"TNK H",
WS3722,sd,5,0,1,,,3,2,1,,,0,0,0,0,0,0,0,0,0,120,2.2,164,94,1,1,1,216.2,237.9,200.8,200.8,,,,,,,,2,2,,,0,0,0,0,0,0,3,0,QQ3122,0,0.22,0.22,2025-08-04,2025-08-12,"TNK G",2,"TNK G",
WS3756,sd,5,0,1,,,4,2,1,,,0,0,0,0,0,0,0,0,0,120,2.63,178,119,1,1,1,204.7,221.7,,,,,,,,,,2,,,,0,0,0,0,0,0,4,0,"LJ 5491",0,0.2,0.2,2025-06-20,2025-07-02,"TNK G",2,"TNK G",
WS3762,sd,5,1,1,,,4,2,1,,,0,0,0,0,0,0,0,0,0,120,2.6,208,85,1,1,34,338,391,241.3,327.6,306.4,301.5,,,328.2,338.3,342.2,2,2,3,2,1,1,1,1,0,1,4,1,VV5900,1,0.338,0.34,2025-06-23,2025-06-24,"TNK G",2,"TNK G",
WS3763,sd,5,1,1,,,4,1,1,,,0,0,0,0,0,0,0,0,0,120,2.6,172,93,1,1,43,366.1,399,504,365,355,360.3,,,365.9,374.4,371.4,3,2,1,0,1,1,1,1,0,1,4,1,VV5900,1,0.37,0.37,2025-06-23,2025-07-08,"TNK D",1,"TNK D",
WS4351,iw,5,1,1,,,4,1,1,,,0,0,0,0,0,0,0,0,0,120,2.23,150,102,1,1,31,297,344,446,320,306,306,305,314,,330,,2,2,1,1,1,0,0,0,0,0,4,1,RR0052,1,0.297,0.297,2025-06-23,2025-06-24,"TNK H",1,"TNK H",
WS4352,iw,5,1,1,,,4,2,1,,,0,0,0,0,0,0,0,0,1,125,2.27,158,106,1,1,30,293,357,449,331,334,338,339,,316,,,1,1,0,0,1,0,0,0,0,0,4,1,RR0052,1,0.293,0.293,2025-06-23,2025-06-25,"TNK G",2,"TNK G",
WS4353,iw,5,1,0,3,"Animal will be used for Clot prepration",,,,,,0,0,0,0,0,0,0,0,0,,,,,,,,300,,,,,,,,,,,,,,,0,0,0,0,0,0,,,,,,,,,,,,"Animal will be used for Clot prepration"
WS4354,iw,5,0,1,,,4,1,1,,,0,0,0,0,0,0,0,0,0,120,2.23,146,108,1,1,30,251,268,289,248,251,254,245,253,255,,,2,2,2,2,1,0,0,0,0,0,4,0,BW5453,1,0.25,0.25,2025-06-29,2025-07-01,"TNK H",1,"TNK H",
WS4355,iw,5,0,1,,,4,1,1,,,0,0,0,0,0,0,0,0,0,120,2.96,141,106,1,1,29,270,305,340,290,275,292,290,287,292,297,,1,1,2,0,1,0,0,0,0,0,4,0,BW5453,1,0.27,0.27,2025-07-14,2025-07-16,"TNK C",1,"TNK C",
WS4356,iw,5,1,1,,,4,2,1,,,0,0,0,0,0,0,0,0,0,120,2.27,152,105,1,1,30,301,369,463,324,320,318,315,317,332,,,2,2,2,1,1,0,0,0,0,0,4,1,RR0052,1,0.3,0.3,2025-07-21,2025-07-23,"TNK G",2,"TNK G",
WS4357,iw,5,0,0,3,"Animal will be used for Clot prepration",,,,,,0,0,0,0,0,0,0,0,0,,,,,,,,254,,,,,,,,,,,,,,,0,0,0,0,0,0,,,,,,,,,,,,"Animal will be used for Clot prepration"
WS4358,iw,5,0,1,,,4,1,1,,,0,0,0,0,0,0,0,0,0,120,3.06,141,106,1,1,29,247,272,308,258,259,262,,,275,,277,0,0,0,0,1,0,0,0,0,0,4,0,WS4357,1,0.26,0.26,2025-07-28,2025-07-30,"TNK D",1,"TNK D",
WS4359,iw,5,0,0,3,"Animal will be used for clot prepration",,,,,,0,0,0,0,0,0,0,0,0,,,,,,,,253,,,,,,,,,,,,,,,0,0,0,0,0,0,,,,,,,,,,,,"Animal will be used for clot prepration"
WS4360,iw,5,1,1,,,3,2,1,,,0,0,0,0,0,0,0,0,0,120,2.1,151,105,1,1,30,311,366,480,335,332,348,352,356,,359,,1,1,2,0,1,0,0,0,0,0,3,1,BW5456,1,0.31,0.31,2025-08-11,2025-08-12,"TNK G",2,"TNK G",
WS4361,iw,5,1,1,,,3,2,1,,,0,0,0,0,0,0,0,0,0,120,2.04,141,107,1,1,30,286,347,455,330,331,330,338,342,,,361,1,2,2,2,1,0,0,0,0,0,3,1,BW5458,1,0.29,0.29,2025-08-16,2025-08-17,"TNK G",2,"TNK G",
WS4362,iw,5,0,1,,,3,2,1,,,0,0,0,0,0,0,0,0,0,120,2.99,140,104,1,1,29,247,244,256,244,233,241,239,,,238,,2,1,1,1,1,0,0,0,0,0,3,0,WS4359,1,0.25,0.25,2025-08-16,2025-08-18,"TNK G",2,"TNK G",
WX5830,dk,5,0,1,,,4,2,1,,,0,0,0,0,0,0,0,0,0,120,3.19,37,,1,1,2,270.0,286,243.6,250.9,,,,,,,,2,2,,,0,0,0,0,0,0,4,0,RV6523,0,0.27,0.27,2025-07-21,2025-07-23,"TNK G",2,"TNK G",
WX5831,dk,5,1,1,,,4,1,1,,,0,0,0,0,0,0,0,0,0,120,2.33,29,,1,1,1,312.8,358,314.6,,,,,,,,,2,,,,0,0,0,0,0,0,4,1,RV6522,0,0.31,0.31,2025-07-21,2025-07-22,"TNK H",1,"TNK H",
WX5834,dk,5,0,1,,,4,1,1,,,0,0,0,0,0,0,0,0,0,120,2.92,142,105,1,1,2,263.6,279,242,250.1,,,,,,,,2,2,,,0,0,0,0,0,0,4,0,RV6523,0,0.26,0.26,2025-07-07,2025-07-08,"TNK C",1,"TNK C",
WX5835,dk,5,1,1,,,4,2,1,,,0,0,0,0,0,0,0,0,0,120,2.1,144,105,1,1,31,261.2,330,429.9,301.5,310.7,307.6,,310.9,,326.7,,2,2,2,1,1,0,0,0,1,0,4,1,RV6522,1,0.26,0.26,2025-07-07,2025-07-08,"TNK G",2,"TNK G",
WX5838,dk,5,0,1,,,4,2,1,,,0,0,0,0,0,0,0,0,0,120,0.95,160,96,1,1,29,267.9,273,304,282.3,278.5,269,,276.4,,270.7,,1,0,0,0,1,0,0,0,1,0,4,0,HG1441,1,0.268,0.268,2025-06-23,2025-06-25,"TNK G",2,"TNK G",
WX5839,dk,5,1,1,,,4,1,1,,,0,0,0,0,0,0,0,0,0,120,2.14,160,98,1,1,29,278.6,334,451,338,338.3,332.4,,339.6,,353.9,,2,1,1,0,1,0,0,0,1,0,4,1,HG1440,1,0.279,0.279,2025-06-23,2025-06-25,"TNK H",1,"TNK H",
WX5852,ag,5,1,0,3,"Will be used as blood donor",,,,,,0,0,0,0,0,0,0,0,0,,,,,,,,377,,,,,,,,,,,,,,,0,0,0,0,0,0,,,,,,,,,,,,"Will be used as blood donor"
WX5853,ag,5,1,1,,,4,2,1,,,0,0,0,0,0,0,0,0,0,120,3.12,150,113,1,1,30,370,439,537,420,412,420,,,,434,438,2,2,2,2,1,0,0,0,0,0,4,1,WX5852,1,0.38,0.38,2025-06-18,2025-06-30,"TNK G",2,"TNK G",
WX5854,ag,5,0,1,,,4,2,1,,,0,0,0,0,0,0,0,0,0,120,3.19,150,114,1,1,29,212,230,265,245,220,228,,,238,249,,2,2,2,2,1,0,0,0,0,0,4,0,RV6544,1,0.22,0.22,2025-06-18,2025-07-01,"TNK G",2,"TNK G",
WX5855,ag,5,0,1,,,4,2,1,,,0,0,0,0,0,0,0,0,0,120,2.96,145,112,1,1,1,211,238,,,,,,,,,,2,,,,0,0,0,0,0,0,4,0,RV6544,0,0.211,0.211,2025-06-18,2025-06-24,"TNK G",2,"TNK G",
WX6555,mg,5,1,1,,,3,2,1,,,0,0,0,0,0,0,0,0,0,120,2.69,143,108,1,1,14,282,329,,289,271,263,,226,,208,,2,2,2,,0,0,0,0,0,0,3,1,LW7383,0,0.3,0.3,2025-08-07,2025-08-20,"TNK G",2,"TNK G",
WX6556,mg,5,0,1,,,3,2,1,,,0,0,0,0,0,0,0,0,0,120,2.69,138,109,1,1,33,186,215,239,188,178,171,,159,,146,,2,2,2,1,1,0,0,0,0,0,3,0,RF6270,1,0.2,0.2,2025-08-07,2025-08-20,"TNK G",2,"TNK G",
WX6563,mg,5,1,1,,,3,1,1,,,0,0,0,0,0,0,0,0,0,120,2.66,144,102,1,1,34,282,342,382,330,328,325,,332,,339,,2,1,1,0,1,0,0,0,0,0,3,1,LW7383,1,0.31,0.31,2025-08-07,2025-08-19,"TNK D",1,"TNK D",
WX6564,mg,5,0,1,,,3,2,1,,,0,0,0,0,0,0,0,0,0,120,2.43,150,107,1,1,31,188,195,239,179,173,187,,,208,,214,2,2,2,1,1,0,0,0,0,0,3,0,RF6270,1,0.19,0.19,2025-08-07,2025-08-12,"TNK G",2,"TNK G",
WX6573,yl,5,1,1,,,3,2,1,,,0,0,0,0,0,0,0,0,0,125,2.92,189,104,1,1,36,406,444,550,422,418,,,,,,,1,1,1,0,1,0,0,0,0,0,3,0,LJ5664,1,0.41,0.41,2025-07-28,2025-08-12,"TNK G",2,"TNK G",
WX6577,yl,5,1,1,,,3,1,1,,,0,0,0,0,0,0,0,0,0,115,2.96,173,105,1,1,0,399,425,,,,,,,,,,2,,,,0,0,0,0,0,0,3,0,LJ5664,0,0.4,0.4,2025-07-28,2025-08-20,"TNK H",1,"TNK H",
WX6618,dk,5,0,1,,,3,2,1,,,0,0,0,0,0,0,0,0,0,120,2.96,32,,1,1,30,253.0,264,316,264.7,268.5,275,,282.7,,285.1,,2,1,0,1,1,0,0,0,1,0,3,1,MN4914,1,0.25,0.25,2025-08-04,2025-08-06,"TNK G",2,"TNK G",
WX6619,dk,5,1,1,,,3,1,1,,,0,0,0,0,0,0,0,0,0,120,2.14,36,,1,1,30,253.0,295,380,285.1,292.6,288.9,,304.2,,309.1,,2,2,2,1,1,0,0,0,1,0,3,1,MN4915,1,0.25,0.25,2025-08-04,2025-08-06,"TNK D",1,"TNK D",
WX6624,dk,5,0,1,,,3,1,1,,,0,0,0,0,0,0,0,0,0,120,3.15,36,,1,1,1,273.6,294,256.6,,,,,,,,,2,,,,0,0,0,0,0,0,3,0,MN4914,0,0.27,0.27,2025-08-11,2025-08-12,"TNK H",1,"TNK H",
WX6625,dk,5,1,1,,,3,2,1,,,0,0,0,0,0,0,0,0,0,120,2.33,36,,1,1,31,318.9,370,469,331.9,328.3,352.8,,372.5,,383.7,,2,2,2,2,1,0,0,0,1,0,3,1,MN4915,1,0.32,0.32,2025-08-11,2025-08-12,"TNK G",2,"TNK G",
WX6637,ag,5,0,1,,,4,1,1,,,0,0,0,0,0,0,0,0,0,120,3.42,156,111,1,1,31,231,230,241,214,206,178,,,186,192,,2,2,2,2,1,0,0,0,0,0,4,0,RV6544,1,0.23,0.23,2025-06-18,2025-07-08,"TNK F",1,"TNK F",
WX6638,ag,5,1,1,,,3,1,1,,,0,0,0,0,0,0,0,0,0,120,3.35,147,112,1,1,2,520,565,,530,535,,,,,,,2,1,1,,0,0,0,0,0,0,3,1,WX5852,0,0.52,0.52,2025-07-17,2025-07-28,"TNK C",1,"TNK C",
WX6639,ag,5,0,1,,,3,1,1,,,0,0,0,0,0,0,0,0,0,120,3.38,146,111,1,1,30,255,265,278,255,251,250,,,251,252,,2,2,1,0,1,0,0,0,0,0,3,0,RV6544,1,0.26,0.26,2025-07-17,2025-07-29,"TNK F",1,"TNK F",
WX6640,ag,5,1,1,,,4,1,1,,,0,0,0,0,0,0,0,0,0,120,3.42,146,113,1,1,31,419,452,,445,439,455,,,461,465,,2,2,1,2,1,0,0,0,0,0,4,1,WX5852,1,0.42,0.42,2025-06-18,2025-07-08,"TNK D",1,"TNK D",
WX6642,ag,5,0,1,,,4,2,1,,,0,0,0,0,0,0,0,0,0,120,2.92,141,113,1,1,31,235,266,265,244,239,235,,,220,223,,2,2,2,2,1,0,0,0,0,0,4,0,RV6544,1,0.24,0.24,2025-06-18,2025-07-15,"TNK G",2,"TNK G",
WX6644,ag,5,1,1,,,4,2,1,,,0,0,0,0,0,0,0,0,0,121,2.92,156,115,1,1,31,430,444,521,422,410,410,,,360,366,,2,2,1,0,1,0,0,0,0,0,4,1,WX5852,1,0.43,0.43,2025-06-18,2025-07-15,"TNK G",2,"TNK G",
WX6646,ag,5,0,1,,,4,1,1,,,0,0,0,0,0,0,0,0,0,139,3.15,160,112,1,1,2,266,268,,240,,,,,,,,2,3,,,0,0,0,0,0,0,4,0,RV6544,0,0.27,0.27,2025-07-17,2025-07-22,"TNK D",1,"TNK D",
WX6649,ag,5,0,1,,,3,2,1,,,0,0,0,0,0,0,0,0,0,122,3.09,152,111,1,1,1,260,302,,,,,,,,,,2,,,,0,0,0,0,0,0,3,0,RV6544,0,0.27,0.27,2025-07-17,2025-08-10,"TNK G",2,"TNK G",
